-- phpMyAdmin SQL Dump
-- version 5.2.1
-- https://www.phpmyadmin.net/
--
-- Servidor: 127.0.0.1
-- Tiempo de generación: 20-01-2025 a las 12:05:04
-- Versión del servidor: 10.4.32-MariaDB
-- Versión de PHP: 8.1.25

SET SQL_MODE = "NO_AUTO_VALUE_ON_ZERO";
START TRANSACTION;
SET time_zone = "+00:00";


/*!40101 SET @OLD_CHARACTER_SET_CLIENT=@@CHARACTER_SET_CLIENT */;
/*!40101 SET @OLD_CHARACTER_SET_RESULTS=@@CHARACTER_SET_RESULTS */;
/*!40101 SET @OLD_COLLATION_CONNECTION=@@COLLATION_CONNECTION */;
/*!40101 SET NAMES utf8mb4 */;

--
-- Base de datos: `bd_edufile3`
--

-- --------------------------------------------------------

--
-- Estructura de tabla para la tabla `courses`
--

CREATE TABLE `courses` (
  `id` bigint(20) NOT NULL,
  `level_id` bigint(20) DEFAULT NULL,
  `grade` int(11) NOT NULL,
  `parallel` enum('A','B','C') NOT NULL
) ENGINE=InnoDB DEFAULT CHARSET=utf8mb4 COLLATE=utf8mb4_general_ci;

--
-- Volcado de datos para la tabla `courses`
--

INSERT INTO `courses` (`id`, `level_id`, `grade`, `parallel`) VALUES
(1, 1, 1, 'A'),
(2, 1, 1, 'B'),
(3, 1, 1, 'C'),
(4, 1, 2, 'A'),
(5, 1, 2, 'B'),
(6, 1, 2, 'C'),
(7, 2, 1, 'A'),
(8, 2, 1, 'B'),
(9, 2, 1, 'C'),
(10, 2, 2, 'A'),
(11, 2, 2, 'B'),
(12, 2, 2, 'C'),
(13, 2, 3, 'A'),
(14, 2, 3, 'B'),
(15, 2, 3, 'C'),
(16, 2, 4, 'A'),
(17, 2, 4, 'B'),
(18, 2, 4, 'C'),
(19, 2, 5, 'A'),
(20, 2, 5, 'B'),
(21, 2, 5, 'C'),
(22, 2, 6, 'A'),
(23, 2, 6, 'B'),
(24, 2, 6, 'C'),
(25, 3, 1, 'A'),
(26, 3, 1, 'B'),
(27, 3, 1, 'C'),
(28, 3, 2, 'A'),
(29, 3, 2, 'B'),
(30, 3, 2, 'C'),
(31, 3, 3, 'A'),
(32, 3, 3, 'B'),
(33, 3, 3, 'C'),
(34, 3, 4, 'A'),
(35, 3, 4, 'B'),
(36, 3, 4, 'C'),
(37, 3, 5, 'A'),
(38, 3, 5, 'B'),
(39, 3, 5, 'C'),
(40, 3, 6, 'A'),
(41, 3, 6, 'B'),
(42, 3, 6, 'C');

-- --------------------------------------------------------

--
-- Estructura de tabla para la tabla `levels`
--

CREATE TABLE `levels` (
  `id` bigint(20) NOT NULL,
  `name` varchar(255) NOT NULL
) ENGINE=InnoDB DEFAULT CHARSET=utf8mb4 COLLATE=utf8mb4_general_ci;

--
-- Volcado de datos para la tabla `levels`
--

INSERT INTO `levels` (`id`, `name`) VALUES
(1, 'Inicial'),
(2, 'Primario'),
(3, 'Secundario');

-- --------------------------------------------------------

--
-- Estructura de tabla para la tabla `students`
--

CREATE TABLE `students` (
  `id` bigint(20) NOT NULL,
  `first_name` varchar(255) NOT NULL,
  `last_name_father` varchar(255) NOT NULL,
  `last_name_mother` varchar(255) NOT NULL,
  `gender` varchar(50) NOT NULL,
  `rude_number` varchar(20) NOT NULL,
  `identity_card` varchar(9) NOT NULL,
  `birth_date` date NOT NULL,
  `guardian_first_name` varchar(255) DEFAULT NULL,
  `guardian_last_name` varchar(255) DEFAULT NULL,
  `guardian_identity_card` varchar(9) DEFAULT NULL,
  `guardian_phone_number` varchar(15) DEFAULT NULL,
  `guardian_relationship` enum('padre','madre','tutor') DEFAULT NULL
) ENGINE=InnoDB DEFAULT CHARSET=utf8mb4 COLLATE=utf8mb4_general_ci;

--
-- Volcado de datos para la tabla `students`
--

INSERT INTO `students` (`id`, `first_name`, `last_name_father`, `last_name_mother`, `gender`, `rude_number`, `identity_card`, `birth_date`, `guardian_first_name`, `guardian_last_name`, `guardian_identity_card`, `guardian_phone_number`, `guardian_relationship`) VALUES
(130, 'YEIMI LUNA', 'AGUILAR', 'SALAZAR', 'F', '4090000520247A', '16400177', '2020-03-02', '', '', '', '', 'padre'),
(131, 'NICOL', 'ANGULO', 'RUIZ', 'F', '409000052024559', '16413450', '2020-03-10', NULL, NULL, NULL, NULL, NULL),
(132, 'JOSUE ABDIEL', 'APAZA', 'ALVARADO', 'M', '409000052024384', '16016115', '2019-07-15', NULL, NULL, NULL, NULL, NULL),
(133, 'GAEL JORDY', 'BURGULLA', 'FLORES', 'M', '4090000520249451', '16432544', '2020-04-12', NULL, NULL, NULL, NULL, NULL),
(134, 'JHONATAN JHURGEN', 'BUSTAMANTE', 'ESCALERA', 'M', '4090000520244512', '16124166', '2019-09-10', NULL, NULL, NULL, NULL, NULL),
(135, 'ELISEO', 'CHAMBI', 'VICENTE', 'M', '4090000520242762', '16409124', '2020-03-08', NULL, NULL, NULL, NULL, NULL),
(136, 'ELIAZAR KALEP', 'CHIPANA', 'MAMANI', 'M', '4090000520243640', '16438797', '2020-04-29', NULL, NULL, NULL, NULL, NULL),
(137, 'DARELL EDRIK', 'CHOQUE', 'CESPEDES', 'M', '4090000520248259', '16581382', '2020-01-04', NULL, NULL, NULL, NULL, NULL),
(138, 'MARIO ROMAN', 'CONDORI', 'ROCHA', 'M', '4090000520243349', '16432713', '2020-04-13', NULL, NULL, NULL, NULL, NULL),
(139, 'BIDANEYRA ANNDY', 'CRUZ', 'GUTIERREZ', 'F', '4090000520245488', '16238242', '2019-11-15', NULL, NULL, NULL, NULL, NULL),
(140, 'NIJAN ZOE', 'ESCOBAR', 'PINTO', 'F', '4090000520248881', '16900871', '2020-06-14', NULL, NULL, NULL, NULL, NULL),
(141, 'EVELIN', 'FLORES', 'LEON', 'F', '4090000520247490', '16519021', '2020-02-27', NULL, NULL, NULL, NULL, NULL),
(142, 'IAN JHAIR', 'GARCIA', 'REINAGA', 'M', '4090000520249896', '16303079', '2020-01-04', NULL, NULL, NULL, NULL, NULL),
(143, 'ALEX JHUNIOR', 'GUTIERREZ', 'MARTINEZ', 'M', '4090000520244227', '16002651', '2019-07-10', NULL, NULL, NULL, NULL, NULL),
(144, 'ZOE LUCIA', 'LIZARAZU', 'FLORES', 'F', '4090000520248852', '16461800', '2020-06-27', NULL, NULL, NULL, NULL, NULL),
(145, 'LUCAS THIAGO', 'LUIZAGA', 'VEDIA', 'M', '4090000520241040', '16222297', '2019-08-02', NULL, NULL, NULL, NULL, NULL),
(146, 'BRITTANY BRIANA', 'MAMANI', 'GARCIA', 'F', '409000052024741A', '16253952', '2019-09-30', NULL, NULL, NULL, NULL, NULL),
(147, 'YADIL', 'MAMANI', 'TACURI', 'M', '4090000520248670', '16596235', '2019-09-27', NULL, NULL, NULL, NULL, NULL),
(148, 'DAYER ALTES', 'MAMANI', 'VILLARROEL', 'M', '409000052024834A', '16618074', '2019-11-05', NULL, NULL, NULL, NULL, NULL),
(149, 'MIA NAYELY', 'MARCA', 'OYARDO', 'F', '4090000520246548', '17307123', '2020-05-26', NULL, NULL, NULL, NULL, NULL),
(150, 'JEICOB MARCELINO', 'MARCANI', 'ESCOBAR', 'M', '4090000520247273', '16392199', '2020-02-20', NULL, NULL, NULL, NULL, NULL),
(151, 'ARLETH VALERY', 'ORELLANA', 'HUANCA', 'F', '4090000520242357', '16450485', '2020-05-29', NULL, NULL, NULL, NULL, NULL),
(152, 'RAZIEL AITANA', 'PALLA', 'CONDORI', 'F', '409000052024497A', '16432737', '2020-04-13', NULL, NULL, NULL, NULL, NULL),
(153, 'ABDIAZ GARETH', 'RIVERO', 'AGUILAR', 'M', '4090000520242545', '16434329', '2020-04-16', NULL, NULL, NULL, NULL, NULL),
(154, 'GAEL DIEGO', 'ROJAS', 'CONDORI', 'M', '4090000520246674', '16357596', '2020-01-29', NULL, NULL, NULL, NULL, NULL),
(155, 'MADILIN ZULEYKA', 'SOLIZ', 'ROCHA', 'F', '4090000520241479', '16137004', '2019-09-16', NULL, NULL, NULL, NULL, NULL),
(156, 'DIANA GENESIS', 'TABOADA', 'SAAVEDRA', 'F', '4090000520247387', '16626010', '2020-01-27', NULL, NULL, NULL, NULL, NULL),
(157, 'ABRIL NOELIA', 'TORRICO', 'TICONA', 'F', '4090000520247711', '16499808', '2020-04-01', NULL, NULL, NULL, NULL, NULL),
(158, 'LIMBER', 'VALENCIA', 'CALLE', 'M', '4090000520244843', '15995071', '2019-07-04', NULL, NULL, NULL, NULL, NULL),
(159, 'EDSON MAGMET', 'VALVERDE', 'MORALES', 'M', '4090000520249542', '17111264', '2019-08-30', NULL, NULL, NULL, NULL, NULL),
(160, 'VALENTINA TATIANA', 'VELIZ', 'AIRA', 'F', '4090000520242607', '16451783', '2020-06-03', NULL, NULL, NULL, NULL, NULL),
(161, 'TATIANA', 'ZEGARRA', 'PADILLA', 'F', '409000052024306', '16498228', '2020-04-02', NULL, NULL, NULL, NULL, NULL),
(162, 'JORGE MISAEL', 'ZURITA', 'VERA', 'M', '4090000520242727', '16419078', '2020-03-11', NULL, NULL, NULL, NULL, NULL),
(163, 'DIANA VICTORIA', 'AQUINO', 'JUSTINIANO', 'F', '4090000520232170', '15678743', '2019-02-18', NULL, NULL, NULL, NULL, NULL),
(164, 'DEBRAN', 'CABALLERO', 'SILVA', 'M', '4090000520231656', '15457558', '2018-10-13', NULL, NULL, NULL, NULL, NULL),
(165, 'CARLOS DILAN', 'CARRILLO', 'QUISPE', 'M', '4090000520235574', '17211447', '2018-07-18', NULL, NULL, NULL, NULL, NULL),
(166, 'MATIAS EZEQUIEL', 'CARRILLO', 'VILLARROEL', 'M', '4090000520247329', '15362400', '2018-08-07', NULL, NULL, NULL, NULL, NULL),
(167, 'VALERIA HAEL', 'COCA', 'LEDEZMA', 'F', '4090000520237409', '16677436', '2018-12-13', NULL, NULL, NULL, NULL, NULL),
(168, 'DAVID', 'CORDOVA', 'MOSQUEZ', 'M', '4090000520231542', '15524089', '2018-11-29', NULL, NULL, NULL, NULL, NULL),
(169, 'FRANCO', 'CRUZ', 'CHAMBI', 'M', '4090000520233276', '15959929', '2018-12-14', NULL, NULL, NULL, NULL, NULL),
(170, 'BRYANA RAFAELA', 'CRUZ', 'HERNANDEZ', 'F', '4090000520235266', '15432265', '2018-09-30', NULL, NULL, NULL, NULL, NULL),
(171, 'JHAIR', 'ESPINOZA', 'PADILLA', 'M', '4090000520235363', '17734865', '2019-03-04', NULL, NULL, NULL, NULL, NULL),
(172, 'PABLO AURELIO', 'FLORES', 'ESCOBAR', 'M', '4090000520241148', '15472680', '2018-10-19', NULL, NULL, NULL, NULL, NULL),
(173, 'DILAN KAEL', 'FUENTES', 'GASPAR', 'M', '409000062023729A', '15484516', '2018-10-25', NULL, NULL, NULL, NULL, NULL),
(174, 'ERICK RUBEN', 'HEREDIA', 'MOLINA', 'M', '4090000520244165', '15655611', '2019-01-31', NULL, NULL, NULL, NULL, NULL),
(175, 'IBETH', 'MAMANI', 'ORTIZ', 'F', '4090000520239502', '15700573', '2019-02-22', NULL, NULL, NULL, NULL, NULL),
(176, 'NEIMAR JHOAN', 'MONTECINOS', 'CUBA', 'M', '4090000520239200', '15375935', '2018-08-17', NULL, NULL, NULL, NULL, NULL),
(177, 'ISMAEL', 'MORALES', 'PEÑA', 'M', '409000052023827', '15494129', '2018-11-02', NULL, NULL, NULL, NULL, NULL),
(178, 'DERECK MACK', 'PARI', 'ZANGA', 'M', '8090001520235699', '15532813', '2018-12-07', NULL, NULL, NULL, NULL, NULL),
(179, 'EITHAN MACK', 'PARI', 'ZANGA', 'M', '8090001520232425', '15532818', '2018-12-07', NULL, NULL, NULL, NULL, NULL),
(180, 'SALVADOR ESTEBAN', 'ROCHA', 'YANA', 'M', '8090002420236197', '15594809', '2019-01-15', NULL, NULL, NULL, NULL, NULL),
(181, 'JAZRETH EVANGELYN', 'ROCHA', 'NIETO', 'F', '4090000520232540', '15887220', '2019-05-14', NULL, NULL, NULL, NULL, NULL),
(182, 'CAMILA', 'ROJAS', 'VILLARROEL', 'F', '4090000520233059', '15767522', '2018-09-24', NULL, NULL, NULL, NULL, NULL),
(183, 'YENIFER', 'TORREZ', 'TOAQUE', 'F', '409000052023817A', '15354233', '2018-07-26', NULL, NULL, NULL, NULL, NULL),
(184, 'CAMILA SHANDIRA', 'VASQUEZ', 'CARRILLO', 'F', '4090000520236657', '15733085', '2019-01-07', NULL, NULL, NULL, NULL, NULL),
(185, 'DAVID FRANCO', 'VILLARROEL', 'MAMANI', 'M', '4090000520239269', '15874717', '2019-01-11', NULL, NULL, NULL, NULL, NULL),
(186, 'ANYELO MATEO', 'VILLARROEL', 'PINTO', 'M', '4090000920229004', '15871028', '2017-11-13', NULL, NULL, NULL, NULL, NULL),
(187, 'CARMEN TERESA', 'ALEGRE', 'GONZALES', 'F', '4090000520233185', '15466137', '2018-10-18', NULL, NULL, NULL, NULL, NULL),
(188, 'JEREMIAS HENRY', 'ALEJO', 'PLATA', 'M', '4090000520245008', '15853227', '2019-04-27', NULL, NULL, NULL, NULL, NULL),
(189, 'EYDEN ASBEL', 'ALIAGA', 'MEDINA', 'M', '4090000520245990', '', '2018-08-30', NULL, NULL, NULL, NULL, NULL),
(190, 'JHISSEL ANTHONELA', 'CARATA', 'LAUREANO', 'F', '409000052024566', '15953658', '2019-06-12', NULL, NULL, NULL, NULL, NULL),
(191, 'SANTIAGO', 'CORDOVA', 'HERBAS', 'M', '4090000520248304', '15468991', '2018-10-19', NULL, NULL, NULL, NULL, NULL),
(192, 'JOSUE', 'DIAS', 'VARGAS', 'M', '4090000520233578', '15538286', '2018-01-14', NULL, NULL, NULL, NULL, NULL),
(193, 'RUTH NOEMI', 'ESTRADA', 'ESTRADA', 'F', '409000052024567', '15551132', '2018-12-27', NULL, NULL, NULL, NULL, NULL),
(194, 'LEONEL', 'FLORES', 'DURAN', 'M', '4090000520249701', '', '2018-01-04', NULL, NULL, NULL, NULL, NULL),
(195, 'EIDAN RIDER', 'INOCENTE', 'SOTO', 'M', '4090000520249195', '15935521', '2019-06-02', NULL, NULL, NULL, NULL, NULL),
(196, 'NICOLETTE GLORIA', 'JANCO', 'AYALA', 'F', '409000052023586A', '15564859', '2019-01-02', NULL, NULL, NULL, NULL, NULL),
(197, 'LIA DANITZA', 'LIZARAZU', 'FLORES', 'F', '4090000520236839', '', '2019-02-06', NULL, NULL, NULL, NULL, NULL),
(198, 'DILAVER', 'LOPEZ', 'VERA', 'M', '8123000720231360', '15734229', '2018-07-30', NULL, NULL, NULL, NULL, NULL),
(199, 'JHEICO MATIAS', 'MENECES', 'CARRILLO', 'M', '4090000520243150', '17746671', '2019-06-01', NULL, NULL, NULL, NULL, NULL),
(200, 'RAMIRO', 'MICACIO', 'GERONIMO', 'M', '4090000520247306', '15490575', '2018-10-30', NULL, NULL, NULL, NULL, NULL),
(201, 'HECTOR JHAIR', 'OTALORA', 'SALAZAR', 'M', '8098031120233266', '15833138', '2019-04-18', NULL, NULL, NULL, NULL, NULL),
(202, 'DENNIS LEYDI', 'POMA', 'ALBA', 'F', '4090000520248567', '16241440', '2018-12-17', NULL, NULL, NULL, NULL, NULL),
(203, 'IAN MATIAS', 'QUISPE', 'MAITA', 'M', '4090000920234163', '15698462', '2019-02-21', NULL, NULL, NULL, NULL, NULL),
(204, 'GUSTAVO', 'QUISPE', 'MARTINEZ', 'M', '4090000520248784', '15571961', '2019-01-06', NULL, NULL, NULL, NULL, NULL),
(205, 'URIEL BRYAN', 'RAMIREZ', 'AMPUERO', 'M', '8098023720237619', '15904379', '2018-12-13', NULL, NULL, NULL, NULL, NULL),
(206, 'ZAIDA', 'RIOS', 'LUIZAGA', 'F', '8087004820232523', '15356968', '2018-07-30', NULL, NULL, NULL, NULL, NULL),
(207, 'ABEL', 'ROCHA', 'PEÑA', 'M', '4090000520248920', '15827594', '2019-04-17', NULL, NULL, NULL, NULL, NULL),
(208, 'MIGUEL ANGEL', 'ROJAS', 'QUECAÑA', 'M', '4090000520241952', '15378392', '2018-08-18', NULL, NULL, NULL, NULL, NULL),
(209, 'HAROLD', 'SALVATIERRA', 'ROCHA', 'M', '4090000520235175', '15512468', '2018-11-16', NULL, NULL, NULL, NULL, NULL),
(210, 'NIJAN JHAMILET', 'VARGAS', 'MONTECINOS', 'F', '4090000520248453', '15647265', '2019-02-02', NULL, NULL, NULL, NULL, NULL),
(211, 'EDUARS ANDRES', 'VERA', 'CHOQUE', 'M', '4090000520235289', '15533310', '2018-12-07', NULL, NULL, NULL, NULL, NULL),
(212, 'MELANY ASHLEY', 'ALBA', 'SALVATIERRA', 'F', '4090000520221918', '16303481', '2017-08-09', NULL, NULL, NULL, NULL, NULL),
(213, 'MEGAN LUANA', 'ALBA', 'VERA', 'F', '8090011620227243', '15752849', '2018-03-02', NULL, NULL, NULL, NULL, NULL),
(214, 'JHONATAN', 'ARCE', 'CAMPOS', 'M', '8089006020235059', '15744385', '2018-05-21', NULL, NULL, NULL, NULL, NULL),
(215, 'ABIGAIL MIA', 'AVILA', 'HUARITO', 'F', '4090000520229417', '16270837', '2018-02-21', NULL, NULL, NULL, NULL, NULL),
(216, 'CRISTAL MISHEL', 'BUSTAMANTE', 'ROCHA', 'F', '8090004020227732', '16928232', '2017-08-15', NULL, NULL, NULL, NULL, NULL),
(217, 'KEVIN', 'CASILLA', 'UGARTE', 'M', '409000052023751', '15719915', '2017-09-20', NULL, NULL, NULL, NULL, NULL),
(218, 'AARON', 'CHAMBI', 'VICENTE', 'M', '4090000520222432', '16606834', '2018-04-04', NULL, NULL, NULL, NULL, NULL),
(219, 'NIRA LALE', 'CRUZ', 'CAYARA', 'F', '4090001820234569', '16990408', '2018-02-04', NULL, NULL, NULL, NULL, NULL),
(220, 'JOSUE ABDIEL', 'EDUARDO', 'MAMANI', 'M', '4090000420229688', '16116437', '2018-03-14', NULL, NULL, NULL, NULL, NULL),
(221, 'DEAN ADDIEL', 'GALLEGO', 'CHUCA', 'M', '8144010120225050', '15703628', '2018-03-12', NULL, NULL, NULL, NULL, NULL),
(222, 'JHONATAN', 'HUARA', 'GOMEZ', 'M', '409000052023208A', '15742605', '2018-06-07', NULL, NULL, NULL, NULL, NULL),
(223, 'DYLAN NAITAN', 'LAUREANO', 'CABRERA', 'M', '4090000520224633', '17233945', '2018-05-13', NULL, NULL, NULL, NULL, NULL),
(224, 'ITAMI ANIFER', 'LIMA', 'CONDORI', 'F', '8198067520232565', '17303769', '2018-01-29', NULL, NULL, NULL, NULL, NULL),
(225, 'ARLET LIESEL', 'LUQUE', 'CHALAR', 'F', '6090002820225174', '15523671', '2017-12-18', NULL, NULL, NULL, NULL, NULL),
(226, 'YEICOB DOMINIC', 'MALDONADO', 'ALAVE', 'M', '4090000520227735', '15719702', '2018-01-28', NULL, NULL, NULL, NULL, NULL),
(227, 'MATHEUS', 'MENESES', 'ACHO', 'M', '4090003520228156', '15187554', '2018-02-17', NULL, NULL, NULL, NULL, NULL),
(228, 'NELSON', 'OLGUIN', 'REJAS', 'M', '4090000520225323', '15468966', '2017-07-08', NULL, NULL, NULL, NULL, NULL),
(229, 'EZEQUIEL YAIR', 'OTALORA', 'CHOQUE', 'M', '409000052022672', '16833184', '2017-10-03', NULL, NULL, NULL, NULL, NULL),
(230, 'MARCELO', 'PEREZ', 'ROCA', 'M', '4090000520237301', '15264993', '2017-09-15', NULL, NULL, NULL, NULL, NULL),
(231, 'MARCOS ENZO', 'PINEDO', 'REINAGA', 'M', '409000042022353A', '15136407', '2017-12-25', NULL, NULL, NULL, NULL, NULL),
(232, 'SANTIAGO', 'REVOLLO', 'VERA', 'M', '409000052022204A', '15466296', '2018-02-27', NULL, NULL, NULL, NULL, NULL),
(233, 'JESUS ROLANDO', 'ROCHA', 'ALEGRE', 'M', '4090000520232842', '17501567', '2017-08-13', NULL, NULL, NULL, NULL, NULL),
(234, 'LIAM EVANS', 'RODRIGUEZ', 'BEDOYA', 'M', '8098036420236479', '15886927', '2017-11-23', NULL, NULL, NULL, NULL, NULL),
(235, 'IAN JHOHAN', 'RODRIGUEZ', 'ALACORE', 'M', '4090000520224017', '15851456', '2017-09-07', NULL, NULL, NULL, NULL, NULL),
(236, 'ERICK', 'SALAZAR', 'CHAMBILLA', 'M', '4090000520228448', '15757215', '2017-08-07', NULL, NULL, NULL, NULL, NULL),
(237, 'NATHALY ALBA', 'TICONA', 'PORCE', 'F', '4090000520224536', '15552679', '2017-08-16', NULL, NULL, NULL, NULL, NULL),
(238, 'JHOANA JASMIN', 'VARGAS', 'MORALES', 'F', '4090000420227036', '15093902', '2017-10-27', NULL, NULL, NULL, NULL, NULL),
(239, 'VALENTINA ADRIANA', 'VARGAS', 'ATAHUICHI', 'F', '4073005920224520', '16600646', '2018-06-27', NULL, NULL, NULL, NULL, NULL),
(240, 'CATALEYA RUBY', 'VEDIA', 'TICONA', 'F', '8098009620223415', '16255234', '2018-01-03', NULL, NULL, NULL, NULL, NULL),
(241, 'SEBASTIAN IBRAHIM', 'ANDRADE', 'VASQUEZ', 'M', '8048005920215681', '15885017', '2017-05-26', NULL, NULL, NULL, NULL, NULL),
(242, 'JALDY XANDER', 'BELTRAN', 'HUANCA', 'M', '4090000520239366', '16244137', '2017-10-12', NULL, NULL, NULL, NULL, NULL),
(243, 'ELIANOR ESCARLET', 'CARATA', 'LAUREANO', 'F', '409000052023281', '16833643', '2017-11-08', NULL, NULL, NULL, NULL, NULL),
(244, 'VALENTINA LORENA', 'COCA', 'OTALORA', 'F', '4090000920222396', '15701768', '2017-10-14', NULL, NULL, NULL, NULL, NULL),
(245, 'MARIA LIZ', 'COPA', 'SOLIZ', 'F', '4090000520235090', '15611822', '2018-04-02', NULL, NULL, NULL, NULL, NULL),
(246, 'JHEREMY', 'COPALI', 'CAMACHO', 'M', '409000052022371A', '15916826', '2017-05-22', NULL, NULL, NULL, NULL, NULL),
(247, 'LINETH', 'FATTY', 'VELLIZ', 'F', '40900005202391', '15643456', '2018-03-25', NULL, NULL, NULL, NULL, NULL),
(248, 'SANTIAGO', 'FERRUFINO', 'CALI', 'M', '409000052022601', '16536494', '2017-11-03', NULL, NULL, NULL, NULL, NULL),
(249, 'ARIEL GUSTAVO', 'HERRERA', 'CRUZ', 'M', '4090000520221862', '15311973', '2018-06-26', NULL, NULL, NULL, NULL, NULL),
(250, 'YHULITZA KHATERIN', 'HUIZA', 'ANGULO', 'F', '4090000520221736', '16319098', '2018-03-24', NULL, NULL, NULL, NULL, NULL),
(251, 'JHAIR GAEL', 'JIMENEZ', 'VALENCIA', 'M', '4090000520235636', '17739491', '2018-03-21', NULL, NULL, NULL, NULL, NULL),
(252, 'SHAIRA GEORGINA', 'LOZA', 'PEREZ', 'F', '8098056620221698', '15315006', '2017-09-19', NULL, NULL, NULL, NULL, NULL),
(253, 'BRAYAN EHITAN', 'MENECES', 'QUISPE', 'M', '4090000520221184', '16240632', '2016-12-23', NULL, NULL, NULL, NULL, NULL),
(254, 'AYDA', 'MICACIO', 'GERONIMO', 'F', '4090000520225865', '15604318', '2016-02-05', NULL, NULL, NULL, NULL, NULL),
(255, 'MILTON JHUNIOR', 'NUÑEZ', 'HERBOSO', 'M', '4090000520228483', '16625988', '2016-08-24', NULL, NULL, NULL, NULL, NULL),
(256, 'ALEJANDRA', 'QUINTEROS', 'QUINTEROS', 'F', '4090000520235642', '', '2017-10-26', NULL, NULL, NULL, NULL, NULL),
(257, 'HEYPHRIL BRIANA', 'QUISPE', 'FLORES', 'F', '8098002320226397', '16172940', '2017-07-24', NULL, NULL, NULL, NULL, NULL),
(258, 'NICOL', 'REVOLLO', 'CONDORI', 'F', '4090000520239548', '15832635', '2017-11-04', NULL, NULL, NULL, NULL, NULL),
(259, 'JHOSNEL YONIER', 'RIVERO', 'CHAPPY', 'M', '4090000520231912', '15751287', '2018-06-30', NULL, NULL, NULL, NULL, NULL),
(260, 'JADE', 'RIVERO', 'PILUY', 'F', '4090000520225398', '15809350', '2018-04-06', NULL, NULL, NULL, NULL, NULL),
(261, 'JHOISY ZEYNEP', 'ROJAS', 'ROMAN', 'F', '4090000520233857', '15322032', '2018-01-15', NULL, NULL, NULL, NULL, NULL),
(262, 'JOSE LUIS', 'SALVATIERRA', 'ROJAS', 'M', '4090000520223236', '15291900', '2018-06-05', NULL, NULL, NULL, NULL, NULL),
(263, 'PAOLA', 'SOLIZ', 'CONDORI', 'F', '4090000520233065', '15718256', '2017-07-29', NULL, NULL, NULL, NULL, NULL),
(264, 'ANA LÍVIA', 'STOFEL', 'GARCIA', 'F', '8098002020226665', '16003511', '2017-12-07', NULL, NULL, NULL, NULL, NULL),
(265, 'MAXIMILIANO', 'UREÑA', 'GUZMAN', 'M', '8090012820223663', '15303448', '2018-06-15', NULL, NULL, NULL, NULL, NULL),
(266, 'LUIS BRANDON', 'VILLARROEL', 'LIQUEN', 'M', '409000052022503', '16767713', '2017-07-05', NULL, NULL, NULL, NULL, NULL),
(267, 'MARIAM EYSAN', 'VILLCA', 'ALA', 'F', '409000052023645', '15692091', '2018-01-08', NULL, NULL, NULL, NULL, NULL),
(268, 'DYLAN RODRIGO', 'GONZALES', '', 'M', '409000042021429A', '16321167', '2017-02-13', NULL, NULL, NULL, NULL, NULL),
(269, 'ISAI BAYRON', 'ARUQUIPA', 'FERNANDEZ', 'M', '8137000120225954', '16756224', '2017-04-08', NULL, NULL, NULL, NULL, NULL),
(270, 'NAYELI', 'AVILA', 'PADILLA', 'F', '409000052022699A', '17526222', '2017-03-23', NULL, NULL, NULL, NULL, NULL),
(271, 'MATIAS GERSON', 'CABRERA', 'MONTECINOS', 'M', '4090000520229851', '15665143', '2017-04-25', NULL, NULL, NULL, NULL, NULL),
(272, 'EMILY LINETH', 'CARRILLO', 'VILLARROEL', 'F', '4090000420217852', '15803803', '2017-05-15', NULL, NULL, NULL, NULL, NULL),
(273, 'DAIANA', 'ESTRADA', 'VENEGAS', 'F', '4090000520222620', '15182483', '2016-11-30', NULL, NULL, NULL, NULL, NULL),
(274, 'ANGHELO ARIEL', 'FLORES', 'QUIROGA', 'M', '6090003220227484', '15722060', '2017-06-14', NULL, NULL, NULL, NULL, NULL),
(275, 'HENRY', 'GALINDO', 'MITA', 'M', '4090000520221389', '15674610', '2017-04-13', NULL, NULL, NULL, NULL, NULL),
(276, 'ADOLFO', 'GARCIA', 'TECILLO', 'M', '4090000520225745', '16016718', '2016-07-13', NULL, NULL, NULL, NULL, NULL),
(277, 'ELIZABET', 'GUIZADA', 'AVILA', 'F', '4090000520224627', '16720691', '2016-11-06', NULL, NULL, NULL, NULL, NULL),
(278, 'JAIRON', 'GUTIERREZ', 'HERRERA', 'M', '4090000520224480', '16833832', '2017-01-04', NULL, NULL, NULL, NULL, NULL),
(279, 'DENISE ASHELEN', 'GUZMAN', 'AYALA', 'F', '4090000520222997', '14539695', '2016-07-02', NULL, NULL, NULL, NULL, NULL),
(280, 'BENJAMIN', 'LAUREANO', 'CONDORI', 'M', '409000052021236A', '15720036', '2016-06-06', NULL, NULL, NULL, NULL, NULL),
(281, 'JASMIN CELENA', 'LONASCO', 'RUIZ', 'F', '4090000520226983', '15705376', '2017-06-22', NULL, NULL, NULL, NULL, NULL),
(282, 'ESTEFAN LUCAS', 'MAMANI', 'MENECES', 'M', '4090003520226987', '16152548', '2017-02-12', NULL, NULL, NULL, NULL, NULL),
(283, 'DAMARIS SARAHI', 'MAMANI', 'JAILLITA', 'F', '4090000520227119', '15613949', '2017-05-10', NULL, NULL, NULL, NULL, NULL),
(284, 'JULIANA LUCIA', 'MENDEZ', 'VILLARROEL', 'F', '4090000520238020', '', '2016-08-02', NULL, NULL, NULL, NULL, NULL),
(285, 'BISMAR ANGEL', 'NUÑEZ', 'FUENTES', 'M', '4090003520218846', '16529630', '2016-10-22', NULL, NULL, NULL, NULL, NULL),
(286, 'XIOMARA NATALIA', 'SOLIZ', 'ROCHA', 'F', '8098011520218549', '16245552', '2016-08-09', NULL, NULL, NULL, NULL, NULL),
(287, 'JOEL OBERMAIER', 'SOLIZ', 'ROCHA', 'M', '8098011520214118', '17045891', '2016-08-09', NULL, NULL, NULL, NULL, NULL),
(288, 'LIZBETH GRACIELA', 'TECILLO', 'VALERIANO', 'F', '4090000520228967', '15698859', '2016-11-16', NULL, NULL, NULL, NULL, NULL),
(289, 'KIMBERLY KAROLAY', 'VILLARROEL', 'LIQUEN', 'F', '809800172020030', '16767704', '2016-02-13', NULL, NULL, NULL, NULL, NULL),
(290, 'JHUDIT MARLLOLY', 'VILLARROEL', 'ESCOBAR', 'F', '4090000520218346', '16219367', '2016-05-30', NULL, NULL, NULL, NULL, NULL),
(291, 'SARAY LILIAN', 'ALEJO', 'PLATA', 'F', '4090000520213397', '15717825', '2015-11-19', NULL, NULL, NULL, NULL, NULL),
(292, 'JHUAN', 'ALVAREZ', 'GONZALES', 'M', '4090000520226892', '16368036', '2017-03-01', NULL, NULL, NULL, NULL, NULL),
(293, 'JAMIL NEYMAR', 'CABALLERO', 'SILVA', 'M', '4090000420214504', '15720218', '2016-08-04', NULL, NULL, NULL, NULL, NULL),
(294, 'LUZ JEYLI', 'CABEZAS', 'JUÑES', 'F', '4090000520229076', '15826014', '2017-06-11', NULL, NULL, NULL, NULL, NULL),
(295, 'ANGHELO ALAN', 'CALDERON', 'LOPEZ', 'M', '409000052022290A', '17257084', '2014-10-26', NULL, NULL, NULL, NULL, NULL),
(296, 'JHOEL', 'CALI', 'VELIZ', 'M', '4090000520223629', '15693663', '2017-05-18', NULL, NULL, NULL, NULL, NULL),
(297, 'AYLEN AMBAR', 'CHOQUE', 'CESPEDES', 'F', '409000352021903A', '15182869', '2016-07-15', NULL, NULL, NULL, NULL, NULL),
(298, 'ELENA', 'CHUQUIMIA', 'COPA', 'F', '409000052024436A', '17617705', '2015-08-30', NULL, NULL, NULL, NULL, NULL),
(299, 'XAVI JUVENAL', 'CORONEL', 'MAMANI', 'M', '408701052021814A', '16868297', '2016-12-27', NULL, NULL, NULL, NULL, NULL),
(300, 'BRAYAN ALEJANDRO', 'CRUZ', 'HERNANDEZ', 'M', '8098001720214359', '15785820', '2016-05-12', NULL, NULL, NULL, NULL, NULL),
(301, 'KEVIN JAIRO', 'FUENTES', 'AJATA', 'M', '409000052022744A', '17152297', '2016-10-06', NULL, NULL, NULL, NULL, NULL),
(302, 'OLIVER JAIME', 'FLORES', 'CHURA', 'M', '808901162020031', '', '2014-12-24', NULL, NULL, NULL, NULL, NULL),
(303, 'LUCAS ALEJANDRO', 'LIMACHE', 'CAMPOS', 'M', '4090001820221547', '15347236', '2016-09-25', NULL, NULL, NULL, NULL, NULL),
(304, 'MIGUEL ANGEL', 'MAMANI', 'ALBA', 'M', '4090000520214577', '16832363', '2015-12-02', NULL, NULL, NULL, NULL, NULL),
(305, 'MELIA ANALY', 'MENECES', 'CARRILLO', 'F', '4090000520217993', '17746698', '2016-02-04', NULL, NULL, NULL, NULL, NULL),
(306, 'IKER', 'MOLLO', 'CHURQUI', 'M', '8111002020215289', '14963277', '2016-12-26', NULL, NULL, NULL, NULL, NULL),
(307, 'OLIVER CHRISTHIAN', 'ORELLANA', 'CHOQUE', 'M', '4090000520221223', '15166441', '2016-09-27', NULL, NULL, NULL, NULL, NULL),
(308, 'GUADALUPE MARIETA', 'ROCHA', 'YANA', 'F', '8090002420228432', '14854041', '2017-03-24', NULL, NULL, NULL, NULL, NULL),
(309, 'MELANI ARIELI', 'RODRIGUEZ', 'MENESES', 'F', '4090000520211349', '', '2016-05-07', NULL, NULL, NULL, NULL, NULL),
(310, 'BELA', 'TENORIO', 'CHAVEZ', 'F', '8098054620216101', '15500015', '2017-06-01', NULL, NULL, NULL, NULL, NULL),
(311, 'DELICIA', 'TINTA', 'VARGAS', 'F', '409000052020015', '13478164', '2015-04-20', NULL, NULL, NULL, NULL, NULL),
(312, 'JOSE MANUEL', 'TOLA', 'PILLCO', 'M', '4090000520236874', '17736140', '2015-12-28', NULL, NULL, NULL, NULL, NULL),
(313, 'ALEXANDER', 'VARGAS', 'QUIROGA', 'M', '7137004020217164', '16520179', '2017-03-24', NULL, NULL, NULL, NULL, NULL),
(314, 'EMILY BRIANA', 'VERA', 'PADILLA', 'F', '409000352021846A', '16570495', '2016-10-27', NULL, NULL, NULL, NULL, NULL),
(315, 'DILAN GAEL', 'VERA', 'FUENTES', 'M', '4090003520219718', '16641712', '2016-09-15', NULL, NULL, NULL, NULL, NULL),
(316, 'DARSON', 'VILLARROEL', 'ALMANZA', 'M', '4090000520221087', '15698094', '2017-05-12', NULL, NULL, NULL, NULL, NULL),
(317, 'DAINOR', 'VILLARROEL', 'ALMANZA', 'M', '4090000520222598', '15698042', '2017-05-12', NULL, NULL, NULL, NULL, NULL),
(318, 'PAMELA', 'ALBA', 'ALMANZA', 'F', '409000052021204', '14834718', '2015-08-07', NULL, NULL, NULL, NULL, NULL),
(319, 'KATRINA', 'ALMANZA', 'ESPINOZA', 'F', '40900007202178A', '15690831', '2015-10-28', NULL, NULL, NULL, NULL, NULL),
(320, 'JHONATAN', 'CALI', 'ESPINOZA', 'M', '4090000520211868', '16425624', '2016-06-12', NULL, NULL, NULL, NULL, NULL),
(321, 'MATEO', 'CHAMBI', 'VICENTE', 'M', '4090000520215546', '16414746', '2016-06-16', NULL, NULL, NULL, NULL, NULL),
(322, 'SAMMAEL RUDDY', 'COPA', 'GANDARILLAS', 'M', '809804962020084', '16328534', '2015-08-17', NULL, NULL, NULL, NULL, NULL),
(323, 'ALEX LEONARDO', 'COPA', 'TITO', 'M', '409000092020036', '15621317', '2016-02-20', NULL, NULL, NULL, NULL, NULL),
(324, 'ALEXSANDER', 'CORIA', 'VILLARROEL', 'M', '409000272020030', '16780191', '2015-10-08', NULL, NULL, NULL, NULL, NULL),
(325, 'BRITANI ASHLEY', 'CRESPO', 'HERRERA', 'F', '4090000520219042', '16833870', '2016-04-22', NULL, NULL, NULL, NULL, NULL),
(326, 'MIKEL', 'ESCALERA', 'TOLA', 'M', '6090001420219425', '15896955', '2015-12-04', NULL, NULL, NULL, NULL, NULL),
(327, 'JHESICA', 'FERNANDEZ', 'REVOLLO', 'F', '4090000520218985', '14864930', '2016-06-14', NULL, NULL, NULL, NULL, NULL),
(328, 'JOSE DAVID', 'GUTIERREZ', 'SIACARI', 'M', '809804972020012', '15319487', '2015-06-11', NULL, NULL, NULL, NULL, NULL),
(329, 'MARIA BELINDA', 'INOCENTE', 'SOTO', 'F', '409000332020038', '15369524', '2014-08-27', NULL, NULL, NULL, NULL, NULL),
(330, 'JOSE', 'LAZARO', 'ATAHUICHI', 'M', '8098004520211624', '14147270', '2015-09-02', NULL, NULL, NULL, NULL, NULL),
(331, 'YANNICK', 'LEON', 'REQUE', 'M', '4090000520215922', '16621839', '2016-05-10', NULL, NULL, NULL, NULL, NULL),
(332, 'JHORDI', 'LIMA', 'ESPINOZA', 'M', '4090000520212039', '16425649', '2016-02-06', NULL, NULL, NULL, NULL, NULL),
(333, 'JHON EDUAR', 'LIMACHI', 'TACURI', 'M', '409000052021577A', '16131886', '2015-10-13', NULL, NULL, NULL, NULL, NULL),
(334, 'HENRY JHOJAN', 'MAMANI', 'ROMAN', 'M', '8098055820213377', '15033618', '2016-05-23', NULL, NULL, NULL, NULL, NULL),
(335, 'ARON', 'MAMANI', 'JAILLITA', 'M', '4090000520217451', '15613938', '2015-08-20', NULL, NULL, NULL, NULL, NULL),
(336, 'EMILY', 'MANUEL', 'OYARDO', 'F', '4090000520218683', '15111007', '2015-08-20', NULL, NULL, NULL, NULL, NULL),
(337, 'HEYDY PILAR', 'MARCA', 'TARQUI', 'F', '409000272020008', '16315565', '2015-02-01', NULL, NULL, NULL, NULL, NULL),
(338, 'KEYLA', 'MENDOZA', 'MAMANI', 'F', '4090000520217912', '15697059', '2016-02-01', NULL, NULL, NULL, NULL, NULL),
(339, 'PAUL', 'MORALES', 'PEÑA', 'M', '4090000520212113', '15767664', '2016-01-07', NULL, NULL, NULL, NULL, NULL),
(340, 'AXEL', 'NINAVIA', 'REVOLLO', 'M', '4090000520213020', '16275711', '2016-04-26', NULL, NULL, NULL, NULL, NULL),
(341, 'DANA JAZMIN', 'PACHECO', 'MENECES', 'F', '409000312020010', '16831579', '2015-08-12', NULL, NULL, NULL, NULL, NULL),
(342, 'ROBERTO OLIVER', 'QUENTA', 'QUENTA', 'M', '4073024920223529', '14675732', '2015-09-06', NULL, NULL, NULL, NULL, NULL),
(343, 'DANAHE REBECA', 'QUIROZ', 'MAMANI', 'F', '809801242020006', '15771328', '2015-10-12', NULL, NULL, NULL, NULL, NULL),
(344, 'SANTHIAGO JOSE', 'SANTELICES', 'FLORES', 'M', '409000042020001', '15777688', '2015-12-21', NULL, NULL, NULL, NULL, NULL),
(345, 'JHAMES DOMINC', 'TORRICO', 'RAMOS', 'M', '609000612020013', '17739507', '2015-02-23', NULL, NULL, NULL, NULL, NULL),
(346, 'BRIANNA EMILY', 'VELIZ', 'AIRA', 'F', '4090000720216164', '15835657', '2015-10-06', NULL, NULL, NULL, NULL, NULL),
(347, 'WILLIAMS', 'ACHO', 'VASQUEZ', 'M', '8098043120215729', '15403307', '2016-02-17', NULL, NULL, NULL, NULL, NULL),
(348, 'ALEXIS', 'ALVAREZ', 'HINOJOSA', 'M', '4090000520218112', '16675398', '2015-07-21', NULL, NULL, NULL, NULL, NULL),
(349, 'IAN YANNIHD', 'ANDRADE', 'VASQUEZ', 'M', '804800592020030', '15884985', '2016-03-04', NULL, NULL, NULL, NULL, NULL),
(350, 'BRAYAN', 'CHALLAPA', 'PADILLA', 'M', '4090000520217302', '16514007', '2015-07-06', NULL, NULL, NULL, NULL, NULL),
(351, 'SEBASTIAN', 'CONDE', 'LIMACHI', 'M', '819811422020064', '14948930', '2016-03-09', NULL, NULL, NULL, NULL, NULL),
(352, 'ISMAEL', 'COPA', 'SOLIZ', 'M', '4090000520211475', '15611805', '2016-02-07', NULL, NULL, NULL, NULL, NULL),
(353, 'JADE', 'ESPINOZA', 'HERNANDEZ', 'F', '8098001720214040', '16687224', '2016-06-02', NULL, NULL, NULL, NULL, NULL),
(354, 'VISMAR', 'ESPINOZA', 'ALMANZA', 'M', '4090000720212856', '15730996', '2015-09-18', NULL, NULL, NULL, NULL, NULL),
(355, 'JHOJAN JAEL', 'FATTY', 'LAUREANO', 'M', '409000352020900', '', '2015-11-21', NULL, NULL, NULL, NULL, NULL),
(356, 'YAIR ANDRE', 'FERNANDEZ', 'VILLARROEL', 'M', '809801682020036', '15447721', '2015-08-13', NULL, NULL, NULL, NULL, NULL),
(357, 'AMAIRANY', 'FERREL', 'QUIROZ', 'M', '4090000520214742', '15962981', '2016-04-12', NULL, NULL, NULL, NULL, NULL),
(358, 'MARISABEL', 'LIMACHI', 'MAMANI', 'F', '4073012620215271', '15956242', '2015-10-14', NULL, NULL, NULL, NULL, NULL),
(359, 'BRYANA', 'MAMANI', 'IQUISE', 'F', '812303102018042', '15744509', '2014-05-21', NULL, NULL, NULL, NULL, NULL),
(360, 'ADAIR GAEL', 'MAMANI', 'VILLARROEL', 'M', '409000272020034', '15736172', '2016-05-04', NULL, NULL, NULL, NULL, NULL),
(361, 'JHORDDY', 'MAMANI', 'REVOLLO', 'M', '40900005202129A', '16594665', '2015-06-30', NULL, NULL, NULL, NULL, NULL),
(362, 'ANDRES', 'MERCADO', 'QUISPE', 'M', '409000042020011', '16325388', '2015-09-03', NULL, NULL, NULL, NULL, NULL),
(363, 'YAJAIRA', 'MORALES', 'ARAMAYO', 'F', '4087008220222187', '17222714', '2014-12-16', NULL, NULL, NULL, NULL, NULL),
(364, 'KEYLA JANEL', 'OTALORA', 'SALAZAR', 'F', '409000272020056', '16833132', '2016-01-24', NULL, NULL, NULL, NULL, NULL),
(365, 'JHEFFERSON YHAIR', 'QUIROZ', 'SOLIZ', 'M', '4090000520214252', '17054936', '2015-12-31', NULL, NULL, NULL, NULL, NULL),
(366, 'ERICK', 'REINAGA', 'MONTECINOS', 'M', '4090000520211965', '15992944', '2015-10-01', NULL, NULL, NULL, NULL, NULL),
(367, 'GUADALUPE ADRIANA', 'ROMERO', 'MEDILES', 'F', '809800852020035', '16782193', '2016-04-14', NULL, NULL, NULL, NULL, NULL),
(368, 'ABRAHAM LUIS', 'TICONA', 'CONDORI', 'M', '409000092018028', '16627228', '2013-09-16', NULL, NULL, NULL, NULL, NULL),
(369, 'VALENTINA', 'VIDAURRE', 'VILLCA', 'F', '4090000520217782', '16128118', '2016-06-04', NULL, NULL, NULL, NULL, NULL),
(370, 'ANDEL ALEXANDER', 'ZEGARRA', 'PADILLA', 'M', '4090003520207905', '15715575', '2016-05-02', NULL, NULL, NULL, NULL, NULL),
(371, 'YANCARLA', 'ALA', 'SOTO', 'F', '409000052020016', '15216381', '2014-12-13', NULL, NULL, NULL, NULL, NULL),
(372, 'DELIA', 'BARRETA', 'CRUZ', 'F', '409000052020013', '17012399', '2014-08-17', NULL, NULL, NULL, NULL, NULL),
(373, 'DIVER GROVER', 'CABEZAS', 'JUÑES', 'M', '409000052020004', '15825962', '2015-04-20', NULL, NULL, NULL, NULL, NULL),
(374, 'ADRIAN SANTIAGO', 'CADENA', 'SARAVIA', 'M', '809804552019009', '14853168', '2015-03-05', NULL, NULL, NULL, NULL, NULL),
(375, 'JOEL ESTEBAN', 'CLAROS', 'MARIN', 'M', '409000052020005', '15637428', '2014-11-15', NULL, NULL, NULL, NULL, NULL),
(376, 'CAMILA CELESTE', 'CORO', 'GUTIERREZ', 'F', '409000062019048', '14775380', '2014-11-24', NULL, NULL, NULL, NULL, NULL),
(377, 'JHOSEP GAEL', 'ESPINOZA', 'AIRA', 'M', '409000062019013', '14384425', '2014-11-24', NULL, NULL, NULL, NULL, NULL),
(378, 'YURI', 'ESPINOZA', 'AGUILAR', 'M', '409000052020008', '15715404', '2014-07-15', NULL, NULL, NULL, NULL, NULL),
(379, 'ABIGAIL', 'ESTRADA', 'VENEGAS', 'F', '409000052020017', '15182435', '2014-12-03', NULL, NULL, NULL, NULL, NULL),
(380, 'ALEXANDER', 'FATTY', 'TOCO', 'M', '409000052020006', '14121616', '2014-10-12', NULL, NULL, NULL, NULL, NULL),
(381, 'JULIAN JOSE', 'GALARZA', 'AGUILAR', 'M', '409000052020023', '16053670', '2014-09-14', NULL, NULL, NULL, NULL, NULL),
(382, 'LUZ JHENNY', 'LLAMPA', 'BORDA', 'F', '609000052019046', '16935862', '2014-12-08', NULL, NULL, NULL, NULL, NULL),
(383, 'LESLY BIANCA', 'MAMANI', 'IQUISE', 'F', '812303102017500A', '15744425', '2012-12-25', NULL, NULL, NULL, NULL, NULL),
(384, 'JUAN MARCOS', 'MENDOZA', 'MAMANI', 'M', '808900202020057', '15697124', '2014-08-03', NULL, NULL, NULL, NULL, NULL),
(385, 'LISBETH', 'OLGUIN', 'REJAS', 'F', '409000052020014', '14817692', '2014-11-19', NULL, NULL, NULL, NULL, NULL),
(386, 'LUCIANA YANDI', 'OTALORA', 'SALAZAR', 'F', '409000272019011', '16833157', '2014-09-08', NULL, NULL, NULL, NULL, NULL),
(387, 'JHONY MATHIAS', 'PINTO', 'AGUILAR', 'M', '809000242019112', '16190259', '2015-04-16', NULL, NULL, NULL, NULL, NULL),
(388, 'JHON NEYMAR', 'POMA', 'CONDORI', 'M', '409000052020009', '15630971', '2014-11-09', NULL, NULL, NULL, NULL, NULL),
(389, 'AVIMAEL', 'ROCHA', 'ESCOBAR', 'M', '409000052020019', '16641122', '2014-11-05', NULL, NULL, NULL, NULL, NULL),
(390, 'ELISA', 'RODRIGUEZ', 'PANIAGUA', 'F', '409000062019026', '15478895', '2014-09-13', NULL, NULL, NULL, NULL, NULL),
(391, 'PAOLA ALEJANDRA', 'VARGAS', 'MONTECINOS', 'F', '409000052020011', '14512973', '2015-01-16', NULL, NULL, NULL, NULL, NULL),
(392, 'ALEXIS', 'VERA', 'PADILLA', 'M', '4090003520205084', '16570470', '2015-05-08', NULL, NULL, NULL, NULL, NULL),
(393, 'AYELEN JHULIET', 'VILLARROEL', 'CESPEDES', 'F', '809000442020004', '16575491', '2015-02-25', NULL, NULL, NULL, NULL, NULL),
(394, 'JHEYSON', 'VIZALLA', 'PUMA', 'M', '409000052020001', '16833238', '2015-04-21', NULL, NULL, NULL, NULL, NULL),
(395, 'MONICA CONNIE', '', 'YUJRA', 'F', '409000052021614', '14077795', '2014-09-11', '', '', '', '', 'padre'),
(396, 'ZURIA CELESTE', '', 'ESCOBAR', 'F', '409000052019025', '16888911', '2014-01-22', '', '', '', '', 'padre'),
(397, 'CRISTIAN', 'CASILLA', 'UGARTE', 'M', '809802352020108', '15720055', '2015-06-03', NULL, NULL, NULL, NULL, NULL),
(398, 'EGBERTO GROVER', 'CHIPANA', 'MAMANI', 'M', '409000042019055', '16195113', '2014-08-31', NULL, NULL, NULL, NULL, NULL),
(399, 'ANAHI SELENA', 'GUTIERREZ', 'HERRERA', 'F', '409000052020028', '16833854', '2014-11-22', NULL, NULL, NULL, NULL, NULL),
(400, 'MICAELA', 'GUTIERREZ', 'MARTINEZ', 'F', '814801592019009', '15429081', '2014-08-05', NULL, NULL, NULL, NULL, NULL),
(401, 'CAMILA ALEJANDRA', 'GUZMAN', 'POMA', 'F', '819805022019991A', '17586050', '2014-09-04', NULL, NULL, NULL, NULL, NULL),
(402, 'BRISA KELLY', 'GUZMAN', 'ENCINAS', 'F', '409000222020032', '17020901', '2014-09-26', NULL, NULL, NULL, NULL, NULL),
(403, 'CAMILA SAORI', 'GUZMAN', 'POMA', 'F', '8198050220192166', '17586051', '2014-09-04', NULL, NULL, NULL, NULL, NULL),
(404, 'AXEL RODRIGO', 'LOPEZ', 'TICONA', 'M', '409000042019027', '15168891', '2015-05-16', NULL, NULL, NULL, NULL, NULL),
(405, 'LUIS MIGUEL', 'MAMANI', 'ORTIZ', 'M', '4090003520201319', '15616928', '2015-05-19', NULL, NULL, NULL, NULL, NULL),
(406, 'THIAGO JULIAN', 'MEDRANO', 'RODRIGUEZ', 'M', '809800452019114', '14700440', '2014-12-26', NULL, NULL, NULL, NULL, NULL),
(407, 'ALINA', 'MERIDA', 'QUIROZ', 'F', '808600752020046', '15929303', '2015-06-18', NULL, NULL, NULL, NULL, NULL),
(408, 'MARJHOLI', 'PEDRO', 'HERRERA', 'F', '409000052020030', '16126447', '2015-02-06', NULL, NULL, NULL, NULL, NULL),
(409, 'LIA MELANY', 'PEREZ', 'ALACORE', 'F', '409000052020010', '15608455', '2015-06-28', NULL, NULL, NULL, NULL, NULL),
(410, 'JENNIFER', 'RAMIREZ', 'PEREDO', 'F', '409000052020012', '16527835', '2014-11-09', NULL, NULL, NULL, NULL, NULL),
(411, 'JHOEL', 'ROJAS', 'QUECAÑA', 'M', '409000052020024', '16833574', '2015-05-06', NULL, NULL, NULL, NULL, NULL),
(412, 'VICTOR ALEJANDRO', 'SANDOVAL', 'VILLARROEL', 'M', '409000062019031', '14735074', '2014-09-08', NULL, NULL, NULL, NULL, NULL),
(413, 'RACHEL MEGAN', 'SANTELICES', 'FLORES', 'F', '409000042019077', '15777746', '2014-08-06', NULL, NULL, NULL, NULL, NULL),
(414, 'JHESSICA', 'TOLA', 'PILLCO', 'F', '409000052020025', '17256755', '2014-07-12', NULL, NULL, NULL, NULL, NULL),
(415, 'ALEX', 'VARGAS', 'TOMAS', 'M', '709000762020029', '16700109', '2014-08-09', NULL, NULL, NULL, NULL, NULL),
(416, 'AINHOA VALENTINA', 'ZURITA', 'VERA', 'F', '409000272019017', '15068529', '2014-12-20', NULL, NULL, NULL, NULL, NULL),
(417, 'SANTIAGO', 'ALCOCER', 'LIMACHI', 'M', '4073027520185865', '14948874', '2014-03-30', NULL, NULL, NULL, NULL, NULL),
(418, 'SAMUEL', 'APAZA', 'MAMANI', 'M', '409000052019021', '15698455', '2014-02-22', NULL, NULL, NULL, NULL, NULL),
(419, 'SAUL', 'APAZA', 'MAMANI', 'M', '409000052019040', '15698447', '2014-02-22', NULL, NULL, NULL, NULL, NULL),
(420, 'JOSE ANGEL', 'AVILA', 'PADILLA', 'M', '409000052018062', '17526206', '2013-01-08', NULL, NULL, NULL, NULL, NULL),
(421, 'ROSALIA', 'CABRERA', 'MONTECINOS', 'M', '409000052019037', '16834521', '2013-07-17', NULL, NULL, NULL, NULL, NULL),
(422, 'DANIELA', 'CARRILLO', 'PADILLA', 'F', '409000052019012', '', '2013-11-13', NULL, NULL, NULL, NULL, NULL),
(423, 'ANTONELLA MATILDA', 'CLAURE', 'MONTAÑO', 'F', '609000262018024', '15476349', '2013-12-18', NULL, NULL, NULL, NULL, NULL),
(424, 'BEIMAR', 'COCA', 'CALLAHUARA', 'M', '409000052019033', '15726564', '2014-03-25', NULL, NULL, NULL, NULL, NULL),
(425, 'RODRIGO', 'COTARI', 'JIMENEZ', 'M', '409000052019018', '16495938', '2013-08-26', NULL, NULL, NULL, NULL, NULL),
(426, 'DENNISE PEITON', 'ESPINOZA', 'HERNANDEZ', 'F', '809800172019038', '16687221', '2013-12-19', NULL, NULL, NULL, NULL, NULL),
(427, 'JOSE LUIS', 'FATTY', 'NICASIO', 'M', '409000052019039', '15589685', '2014-03-07', NULL, NULL, NULL, NULL, NULL),
(428, 'SAMEER CRISTOFER', 'GARCIA', 'CHOQUE', 'M', '609500202018073', '15028080', '2013-09-11', NULL, NULL, NULL, NULL, NULL),
(429, 'JESSICA', 'HERRERA', 'OYARDO', 'F', '806100362017003', '15666854', '2011-12-25', NULL, NULL, NULL, NULL, NULL),
(430, 'ARIEL', 'HINOJOSA', 'VILLARROEL', 'M', '409000052019048', '15714740', '2014-04-04', NULL, NULL, NULL, NULL, NULL),
(431, 'MARCO', 'HUANCA', 'CRESPO', 'M', '809000062019071', '16092353', '2014-02-19', NULL, NULL, NULL, NULL, NULL),
(432, 'JUAN ABAD', 'INOCENTE', 'CUISARA', 'M', '409000052019032', '15646918', '2014-01-10', NULL, NULL, NULL, NULL, NULL),
(433, 'LEONIDAS SANTIAGO', 'JANCO', 'AYALA', 'M', '812302032017045', '15382796', '2013-06-12', NULL, NULL, NULL, NULL, NULL),
(434, 'JOSUE', 'LIMA', 'ESPINOZA', 'M', '409000052019023', '16425619', '2014-03-04', NULL, NULL, NULL, NULL, NULL),
(435, 'FABIAN', 'LIMACHI', 'MAMANI', 'M', '407301262019042', '15956159', '2013-09-30', NULL, NULL, NULL, NULL, NULL),
(436, 'DILMAR EDUARDO', 'LONASCO', 'RUIZ', 'M', '409000052019044', '15705362', '2014-03-23', NULL, NULL, NULL, NULL, NULL),
(437, 'DEIMAR', 'LOZA', 'MEDRANO', 'M', '409000042018028', '15798323', '2014-03-21', NULL, NULL, NULL, NULL, NULL),
(438, 'IAN', 'MAMANI', 'CORTEZ', 'M', '4090000520233646', '14788477', '2013-07-01', NULL, NULL, NULL, NULL, NULL),
(439, 'SANTIAGO CRISTOFER', 'MENDEZ', 'QUINTEROS', 'M', '809800322018009', '15689950', '2013-12-19', NULL, NULL, NULL, NULL, NULL),
(440, 'SHEYLA GRACIELA', 'MERINO', 'PANAMA', 'F', '409000042018010', '17021603', '2013-10-20', NULL, NULL, NULL, NULL, NULL),
(441, 'DANIEL', 'PAREDES', 'LIQUEN', 'M', '409000052018001', '16767693', '2011-08-08', NULL, NULL, NULL, NULL, NULL),
(442, 'DILAN NEYDER', 'PEÑA', 'MENESES', 'M', '409000052018034', '15799003', '2013-01-09', NULL, NULL, NULL, NULL, NULL),
(443, 'BELINDA', 'PEREZ', 'TOAQUE', 'F', '409000052019056', '14850766', '2014-05-27', NULL, NULL, NULL, NULL, NULL),
(444, 'JHENIFER ESDENKA', 'QUENTA', 'QUENTA', 'F', '809802132019089', '13844241', '2013-10-05', NULL, NULL, NULL, NULL, NULL),
(445, 'NEYMAR', 'RAMIREZ', 'LEON', 'M', '409000052019027', '15589067', '2014-03-27', NULL, NULL, NULL, NULL, NULL),
(446, 'JHISSELA', 'ROJAS', 'ROJAS', 'F', '809804012019017', '15530764', '2014-06-01', NULL, NULL, NULL, NULL, NULL),
(447, 'DAYANA BELEN', 'ROJAS', 'QUECAÑA', 'F', '409000052019035', '16833601', '2013-12-03', NULL, NULL, NULL, NULL, NULL),
(448, 'DAEL ALBERTH', 'SOLA', 'COPA', 'M', '409000272019046', '16104123', '2013-12-15', NULL, NULL, NULL, NULL, NULL),
(449, 'JOSE LUIS', 'VARGAS', 'ATAHUICHI', 'M', '409000042018025', '13436482', '2013-07-21', NULL, NULL, NULL, NULL, NULL),
(450, 'JOEL JHASMANI', 'VERA', 'ROCHA', 'M', '409000052019015', '15834516', '2013-10-23', NULL, NULL, NULL, NULL, NULL),
(451, 'WENDY JHOANA', 'ARGOTE', 'ANGULO', 'F', '409000052019011', '17189574', '2014-05-17', NULL, NULL, NULL, NULL, NULL),
(452, 'AYLIN', 'BRAVO', 'AVALOS', 'F', '409000062018066', '15546996', '2014-04-19', NULL, NULL, NULL, NULL, NULL),
(453, 'ISAAC JHIMY', 'BURGULLA', 'FLORES', 'M', '809800172018008', '15620181', '2014-04-02', NULL, NULL, NULL, NULL, NULL),
(454, 'MARY YSABEL', 'CABEZAS', 'HUANCA', 'F', '409000052019005', '16964026', '2014-06-20', NULL, NULL, NULL, NULL, NULL),
(455, 'LIZETH', 'CALI', 'VELIZ', 'F', '409000052019009', '15193840', '2013-09-24', NULL, NULL, NULL, NULL, NULL),
(456, 'JOSE LUIS', 'CASILLA', 'UGARTE', 'M', '809802352017113', '15719970', '2013-01-25', NULL, NULL, NULL, NULL, NULL),
(457, 'ANDREA SOFIA', 'CASTELLON', 'RIVERA', 'F', '6090005720195831', '16892612', '2013-11-10', NULL, NULL, NULL, NULL, NULL),
(458, 'ROY NELSON', 'CHIPATA', 'CABEZAS', 'M', '409000042019011', '14195509', '2013-10-21', NULL, NULL, NULL, NULL, NULL),
(459, 'JOSE ARIEL', 'CONDORI', 'ROCHA', 'M', '706400012019081', '17000155', '2013-11-07', NULL, NULL, NULL, NULL, NULL),
(460, 'MATHIAS', 'FLORES', 'HERRERA', 'M', '809801072019006', '16323337', '2014-01-30', NULL, NULL, NULL, NULL, NULL),
(461, 'WILBER', 'GARCIA', 'TECILLO', 'M', '409000052019054', '16016651', '2014-02-19', NULL, NULL, NULL, NULL, NULL),
(462, 'LUZ CLARITA', 'GARCIA', 'PADILLA', 'F', '409000052019050', '17524677', '2014-06-01', NULL, NULL, NULL, NULL, NULL),
(463, 'ROSELINDA', 'GOMEZ', 'CABEROS', 'F', '409000052020032', '13588764', '2014-06-09', NULL, NULL, NULL, NULL, NULL),
(464, 'JOSE LUIS', 'GUARAYO', 'HUMEREZ', 'M', '409000052018014', '16249655', '2013-06-13', NULL, NULL, NULL, NULL, NULL),
(465, 'DAYANA', 'GUTIERREZ', 'MAQUERA', 'F', '407304572018027', '15220897', '2014-02-14', NULL, NULL, NULL, NULL, NULL),
(466, 'THIAGO YAIR', 'HUARACHI', 'APAZA', 'M', '809800682018073', '16010652', '2013-08-19', NULL, NULL, NULL, NULL, NULL),
(467, 'LESLY', 'MAMANI', 'ALBA', 'F', '409000042017072', '16832382', '2012-10-09', NULL, NULL, NULL, NULL, NULL),
(468, 'DAVID DEYMAR', 'MAMANI', 'CHOQUE', 'M', '809802892018034', '16087243', '2013-11-20', NULL, NULL, NULL, NULL, NULL),
(469, 'JHONN JAIRO', 'MENDOZA', 'VERA', 'M', '409000042018015', '14090279', '2014-01-27', NULL, NULL, NULL, NULL, NULL),
(470, 'LUCIANA', 'MENESES', 'ROJAS', 'F', '409000252018002', '17030472', '2013-09-19', NULL, NULL, NULL, NULL, NULL),
(471, 'DELIA', 'MICACIO', 'GERONIMO', 'F', '409000052018018', '15609305', '2013-06-18', NULL, NULL, NULL, NULL, NULL),
(472, 'SAYUMI', 'MURUCHI', 'IMPA', 'F', '812301662017014', '15383063', '2013-02-19', NULL, NULL, NULL, NULL, NULL),
(473, 'BRIANA KATERIN', 'NUÑEZ', 'FUENTES', 'F', '809802352018041', '16409004', '2014-03-12', NULL, NULL, NULL, NULL, NULL),
(474, 'ERICK', 'NUÑEZ', 'HERBOSO', 'M', '409000052020033', '16625970', '2013-10-16', NULL, NULL, NULL, NULL, NULL),
(475, 'KEYLA MARIANA', 'OROSCO', 'ROCHA', 'F', '409000272018014', '14094575', '2014-01-21', NULL, NULL, NULL, NULL, NULL),
(476, 'THIAGO MIJAHIL', 'QUISPE', 'MAITA', 'M', '409000092018068', '15598616', '2013-11-26', NULL, NULL, NULL, NULL, NULL),
(477, 'JHOEL ALEX', 'RAMIREZ', 'AMPUERO', 'M', '809802372018011', '15904439', '2014-05-14', NULL, NULL, NULL, NULL, NULL),
(478, 'GRICEL', 'ROCHA', 'PEÑA', 'F', '409000052019045', '15644288', '2013-10-24', NULL, NULL, NULL, NULL, NULL),
(479, 'DAMARIS DIANA', 'SALVATIERRA', 'ACHO', 'F', '409000052019006', '15783906', '2014-06-19', NULL, NULL, NULL, NULL, NULL),
(480, 'KAMILY GABRIELA', 'SANDOVAL', 'ROJAS', 'F', '809800852019133', '16964341', '2013-10-09', NULL, NULL, NULL, NULL, NULL),
(481, 'JHEYSON', 'SOLIZ', 'FERRUFINO', 'M', '409000072020062', '16203662', '2014-06-13', NULL, NULL, NULL, NULL, NULL),
(482, 'VICTORIA', 'ULUNQUE', 'SALVATIERRA', 'F', '409000062018023', '16834116', '2013-07-18', NULL, NULL, NULL, NULL, NULL),
(483, 'JOSE LUIS', 'VERA', 'FUENTES', 'M', '409000052019051', '15839223', '2014-05-11', NULL, NULL, NULL, NULL, NULL),
(484, 'BELEN', 'VIZALLA', 'PUMA', 'F', '409000052019031', '15129374', '2013-03-12', NULL, NULL, NULL, NULL, NULL),
(485, 'BORIS', 'ACHU', 'LAZARO', 'M', '409000052017030', '15689708', '2011-06-07', NULL, NULL, NULL, NULL, NULL),
(486, 'NOELIA NATALY', 'ALVARADO', 'LAUREANO', 'F', '409000052018040', '12623437', '2012-10-22', NULL, NULL, NULL, NULL, NULL),
(487, 'JUAN', 'ALVAREZ', 'GONZALES', 'M', '409000052017022', '14829206', '2012-04-10', NULL, NULL, NULL, NULL, NULL),
(488, 'DAVID', 'ARCE', 'CAMPOS', 'M', '808900602018013', '15202034', '2013-03-11', NULL, NULL, NULL, NULL, NULL),
(489, 'MATEO AGUSTIN', 'BELTRAN', 'HUANCA', 'M', '809800832018005', '16244107', '2013-03-21', NULL, NULL, NULL, NULL, NULL),
(490, 'JOSE LUIS', 'CALI', 'VELIZ', 'M', '409000052017044', '14856734', '2011-08-11', NULL, NULL, NULL, NULL, NULL),
(491, 'PEDRO PABLO', 'CALIZAYA', 'SALVATIERRA', 'M', '409000052018015', '16179792', '2012-09-22', NULL, NULL, NULL, NULL, NULL),
(492, 'KEVIN', 'CHOQUE', 'ROJAS', 'M', '809804662015107', '13099467', '2011-02-17', NULL, NULL, NULL, NULL, NULL),
(493, 'JHISU JHASMIN', 'CHOQUEHUANCA', 'VASQUEZ', 'F', '509000042018009', '14235744', '2013-01-19', NULL, NULL, NULL, NULL, NULL),
(494, 'SULEYDA', 'COCA', 'CALLAHUARA', 'F', '409000302017027', '15726485', '2012-07-04', NULL, NULL, NULL, NULL, NULL),
(495, 'DANIEL', 'COPA', 'SOLIZ', 'M', '409000052018063', '14833723', '2012-10-05', NULL, NULL, NULL, NULL, NULL),
(496, 'MILER', 'CRESPO', 'HERRERA', 'M', '409000052018057', '16833844', '2013-04-24', NULL, NULL, NULL, NULL, NULL),
(497, 'JADE', 'ESPINOZA', 'AGUILAR', 'F', '409000052018038', '15587751', '2012-07-25', NULL, NULL, NULL, NULL, NULL),
(498, 'MAGDYEL GABRIELA', 'FERRUFINO', 'MAIZO', 'F', '409000052018035', '15364524', '2013-02-25', NULL, NULL, NULL, NULL, NULL),
(499, 'LUZ KAREN', 'FLORES', 'CHURA', 'F', '804802912017017', '15621664', '2012-12-16', NULL, NULL, NULL, NULL, NULL),
(500, 'SAUL NOE', 'FUENTES', 'FLORES', 'M', '609000612017020', '14813558', '2013-01-21', NULL, NULL, NULL, NULL, NULL),
(501, 'DAVID ELOY', 'GUTIERREZ', 'MARTINEZ', 'M', '814800472017050', '14755413', '2012-11-25', NULL, NULL, NULL, NULL, NULL),
(502, 'MARIANA', 'INOSENTE', 'SALVATIERRA', 'F', '409000052018036', '13418710', '2012-07-15', NULL, NULL, NULL, NULL, NULL),
(503, 'JHASMIN', 'JANKORI', 'DELGADILLO', 'F', '409000052019003', '16249468', '2013-02-10', NULL, NULL, NULL, NULL, NULL),
(504, 'NEIMAR', 'JORA', 'VENEGAS', 'M', '409000052018046', '14856182', '2012-12-27', NULL, NULL, NULL, NULL, NULL),
(505, 'JAZEL SOFFI', 'LUQUE', 'CHALAR', 'F', '609000282017056', '13622936', '2013-04-25', NULL, NULL, NULL, NULL, NULL),
(506, 'RUBEN', 'MAMANI', 'GERONIMO', 'M', '709000272016027', '14722471', '2010-05-16', NULL, NULL, NULL, NULL, NULL),
(507, 'FERNANDO', 'MAMANI', 'PACO', 'M', '409000052018037', '15718323', '2012-11-23', NULL, NULL, NULL, NULL, NULL),
(508, 'MAX TAYRON', 'MENDEZ', 'RODRIGUEZ', 'M', '719800622017003', '17005869', '2012-09-06', NULL, NULL, NULL, NULL, NULL),
(509, 'YHEYSON', 'NOGALES', 'MORALES', 'M', '409000052018050', '14829288', '2012-12-16', NULL, NULL, NULL, NULL, NULL),
(510, 'SONIA', 'OJEDA', 'VALERIANO', 'F', '814500742017001', '15629179', '2012-07-22', NULL, NULL, NULL, NULL, NULL),
(511, 'NOEMI', 'OLGUIN', 'REJAS', 'F', '409000052018047', '13347219', '2012-09-30', NULL, NULL, NULL, NULL, NULL),
(512, 'EDUARD DILAN', 'OTALORA', 'CHOQUE', 'M', '409000052018056', '15409147', '2013-04-24', NULL, NULL, NULL, NULL, NULL),
(513, 'MAYKOL ROBERTO', 'OTALORA', 'GUTIERREZ', 'M', '8098001720154619', '17099696', '2010-04-16', NULL, NULL, NULL, NULL, NULL),
(514, 'JUAN RAMIRO', 'PADILLA', 'ROSAS', 'M', '409000052018053', '12776017', '2012-07-17', NULL, NULL, NULL, NULL, NULL),
(515, 'RAFAELA', 'PEREZ', 'ROCA', 'F', '809804682018013', '14095613', '2013-03-19', NULL, NULL, NULL, NULL, NULL),
(516, 'MAURICIO JAVIER', 'QUIROZ', 'SOLIZ', 'M', '409000052016016', '', '2011-03-20', NULL, NULL, NULL, NULL, NULL),
(517, 'ALEX ANTONIO', 'RIVERA', 'NOZA', 'M', '809804662016087', '', '2011-10-25', NULL, NULL, NULL, NULL, NULL),
(518, 'AYLEN MARIA', 'ROCHA', 'AYALA', 'F', '409000052018039', '12873609', '2012-08-06', NULL, NULL, NULL, NULL, NULL),
(519, 'ALEJANDRA', 'ROCHA', 'PEÑA', 'F', '409000052016033', '15079922', '2010-12-08', NULL, NULL, NULL, NULL, NULL),
(520, 'MATIAS AUGUSTO', 'RUIZ', 'GUILLEN', 'M', '8073037620174136', '13121489', '2012-05-11', NULL, NULL, NULL, NULL, NULL),
(521, 'JHOVANA', 'SALVATIERRA', 'ROJAS', 'F', '409000052018032', '16628648', '2012-11-08', NULL, NULL, NULL, NULL, NULL),
(522, 'DEYSI', 'SANGRERI', 'MARCANI', 'F', '409000052018044', '14831262', '2013-05-27', NULL, NULL, NULL, NULL, NULL),
(523, 'JHEXON', 'SOLIZ', 'CONDORI', 'M', '409000052018045', '15718356', '2012-11-19', NULL, NULL, NULL, NULL, NULL),
(524, 'YASMANI', 'TINTA', 'VARGAS', 'M', '409000052017027', '13478163', '2011-12-05', NULL, NULL, NULL, NULL, NULL),
(525, 'CRISTIAN', 'TOLA', 'PILLCO', 'M', '409000052019014', '17256724', '2012-10-31', NULL, NULL, NULL, NULL, NULL),
(526, 'MARIA ISABEL', '', 'ESTRADA', 'F', '409000052018016', '16832896', '2013-01-31', NULL, NULL, NULL, NULL, NULL),
(527, 'JHON ARLIN', 'ALANOCA', 'LAZO', 'M', '407302632017061', '14884367', '2013-03-22', NULL, NULL, NULL, NULL, NULL),
(528, 'JHON ISRAEL', 'BUSTOS', 'MARTINEZ', 'M', '409000302017025', '13588169', '2012-07-08', NULL, NULL, NULL, NULL, NULL),
(529, 'FERNANDA LUZ', 'CALDERON', 'LOPEZ', 'F', '409000052019002', '17257113', '2012-04-26', NULL, NULL, NULL, NULL, NULL),
(530, 'EVELIZ', 'CATUNTA', 'LAUREANO', 'F', '409000052018031', '16833700', '2012-07-14', NULL, NULL, NULL, NULL, NULL),
(531, 'ISAI JOAS', 'CHOQUE', 'ESCOBAR', 'M', '40900005201477', '16219338', '2009-02-27', NULL, NULL, NULL, NULL, NULL),
(532, 'CLARIZA', 'CHUQUIMIA', 'COPA', 'F', '4090000520152753', '17078675', '2009-12-18', NULL, NULL, NULL, NULL, NULL),
(533, 'SOPHIE ABIGAIL', 'CLAURE', 'MONTAÑO', 'F', '809804162017022', '15476387', '2012-07-04', NULL, NULL, NULL, NULL, NULL),
(534, 'BELINDA JARUSI', 'COCA', 'SANDOVAL', 'F', '409000052018017', '15727470', '2013-03-24', NULL, NULL, NULL, NULL, NULL),
(535, 'DAVID', 'CONDORI', 'SANCARI', 'M', '409000052018055', '15997302', '2012-12-15', NULL, NULL, NULL, NULL, NULL),
(536, 'KIMBERLY CELESTE', 'CORONEL', 'MAMANI', 'F', '408701052017004', '16309764', '2013-03-24', NULL, NULL, NULL, NULL, NULL),
(537, 'ISRAEL ISAAC', 'COSSIO', 'VIDAL', 'M', '819805722018050', '16951628', '2012-09-30', NULL, NULL, NULL, NULL, NULL),
(538, 'MICHAEL', 'DIAS', 'VARGAS', 'M', '409000052018019', '13478165', '2013-05-06', NULL, NULL, NULL, NULL, NULL),
(539, 'OSMAR LEANDRO', 'FERRUFINO', 'LEDEZMA', 'M', '409000272017531A', '14603935', '2012-11-14', NULL, NULL, NULL, NULL, NULL),
(540, 'MAGDIEL NAYELI', 'FUENTES', 'AJATA', 'F', '409000062017026', '16833082', '2013-01-16', NULL, NULL, NULL, NULL, NULL),
(541, 'JOSE ELIO', 'GARCIA', 'FERNANDEZ', 'M', '509000492017010', '14983126', '2012-03-12', NULL, NULL, NULL, NULL, NULL),
(542, 'KEVIN RAMIRO', 'GONZALES', 'SORIA', 'M', '409000042017073', '14193374', '2012-07-28', NULL, NULL, NULL, NULL, NULL),
(543, 'GROVER', 'INOCENTE', 'COCA', 'M', '409000052018023', '16235387', '2012-10-22', NULL, NULL, NULL, NULL, NULL);
INSERT INTO `students` (`id`, `first_name`, `last_name_father`, `last_name_mother`, `gender`, `rude_number`, `identity_card`, `birth_date`, `guardian_first_name`, `guardian_last_name`, `guardian_identity_card`, `guardian_phone_number`, `guardian_relationship`) VALUES
(544, 'BELINDA', 'IQUISE', 'MAMANI', 'F', '409000052019013', '17677586', '2011-12-27', NULL, NULL, NULL, NULL, NULL),
(545, 'LUIS FABIAN', 'LIMACHI', 'TACURI', 'M', '409000052018009', '14266313', '2013-06-30', NULL, NULL, NULL, NULL, NULL),
(546, 'EIMI NAOMI', 'MENDEZ', 'VILLARROEL', 'F', '4090000520238870', '', '2012-07-03', NULL, NULL, NULL, NULL, NULL),
(547, 'MATIAS EYBRAJAN', 'MENDEZ', 'QUINTEROS', 'M', '809800322017052', '15689975', '2012-08-18', NULL, NULL, NULL, NULL, NULL),
(548, 'RUDY NEYMAR', 'MENECES', 'CARRILLO', 'M', '409000052017057', '', '2011-11-26', NULL, NULL, NULL, NULL, NULL),
(549, 'YERALDINA', 'NOZA', 'MORALES', 'F', '508700082016001', '15160476', '2011-09-11', NULL, NULL, NULL, NULL, NULL),
(550, 'EMILY KIARA', 'ORELLANA', 'VERA', 'F', '409000272017040', '15798207', '2012-07-28', NULL, NULL, NULL, NULL, NULL),
(551, 'ALEJANDRA', 'PAI', 'CONDORI', 'F', '409000052018012', '13420510', '2013-03-13', NULL, NULL, NULL, NULL, NULL),
(552, 'ANDERSON', 'PEDRO', 'HERRERA', 'M', '409000052016029', '13825936', '2011-04-14', NULL, NULL, NULL, NULL, NULL),
(553, 'HEYLI BRITZEL', 'RIVERO', 'AGUILAR', 'F', '5090004720174761', '14513207', '2013-05-31', NULL, NULL, NULL, NULL, NULL),
(554, 'JHONATHAN ALEXANDER', 'SALAS', 'AGUILAR', 'M', '409000052018054', '16304271', '2013-02-20', NULL, NULL, NULL, NULL, NULL),
(555, 'BRIANA JHORGETH', 'SILVA', 'VARGAS', 'F', '409000052018010', '', '2012-10-18', NULL, NULL, NULL, NULL, NULL),
(556, 'ARIANA STEFANY', 'TICONA', 'PORCE', 'F', '809804772017025', '15003838', '2012-07-02', NULL, NULL, NULL, NULL, NULL),
(557, 'MOISES PERCY', 'VARGAS', 'CARRILLO', 'M', '409000052017055', '16339806', '2011-10-27', NULL, NULL, NULL, NULL, NULL),
(558, 'MARIA LUZ', 'VARGAS', 'TOMAS', 'F', '7090007620173564', '16148058', '2012-12-02', NULL, NULL, NULL, NULL, NULL),
(559, 'MARY CARMEN', 'VELA', 'BATALLANOS', 'F', '409000042017045', '16048778', '2012-07-07', NULL, NULL, NULL, NULL, NULL),
(560, 'JASMIN PILAR', 'VILLARROEL', 'ALMANZA', 'F', '409000052018028', '15697992', '2012-07-11', NULL, NULL, NULL, NULL, NULL),
(561, 'CRISTOBAL', 'ZENTENO', 'QUENTA', 'M', '809801742017038', '14418854', '2012-07-22', NULL, NULL, NULL, NULL, NULL),
(562, 'ANAHI', '', 'CUSI', 'F', '409000052017064', '15084476', '2011-06-16', NULL, NULL, NULL, NULL, NULL),
(563, 'JHAMIR JOSE', 'ALMANZA', 'HERRERA', 'M', '4090001820186407', '16328830', '2011-07-15', NULL, NULL, NULL, NULL, NULL),
(564, 'DANA MAGDIEL', 'CABALLERO', 'SILVA', 'F', '406100262016002', '14625335', '2012-03-05', NULL, NULL, NULL, NULL, NULL),
(565, 'BEYMAR', 'CABRERA', 'MONTECINOS', 'M', '409000052017028', '15665107', '2011-08-26', NULL, NULL, NULL, NULL, NULL),
(566, 'GABRIEL', 'CALI', 'ESPINOZA', 'M', '409000052017045', '14834062', '2012-06-18', NULL, NULL, NULL, NULL, NULL),
(567, 'SOLEDAD', 'CLAROS', 'MARIN', 'F', '409000062016033', '15430411', '2012-01-11', NULL, NULL, NULL, NULL, NULL),
(568, 'FABIOLA', 'ESPINOZA', 'RIVAS', 'F', '409000052017011', '14735423', '2012-04-06', NULL, NULL, NULL, NULL, NULL),
(569, 'CRISTIAN', 'FATTY', 'TOCO', 'M', '409000052017021', '13067115', '2012-06-17', NULL, NULL, NULL, NULL, NULL),
(570, 'GUIDO ALICIO', 'FERRUFINO', 'CASTRO', 'M', '409000052017034', '14268051', '2012-04-24', NULL, NULL, NULL, NULL, NULL),
(571, 'ANGELICA BRIGITH', 'FLORES', 'CHURA', 'F', '804802912017003', '15621712', '2011-08-05', NULL, NULL, NULL, NULL, NULL),
(572, 'FRANKLIN', 'GUARAYO', 'HUMEREZ', 'M', '409000052017017', '17031913', '2011-12-06', NULL, NULL, NULL, NULL, NULL),
(573, 'JHOELMA ESMERALDA', 'JANCO', 'AYALA', 'F', '812302032018002', '15382750', '2011-09-02', NULL, NULL, NULL, NULL, NULL),
(574, 'PAOLA', 'LAZO', 'SUXO', 'F', '407302632015962', '15917658', '2009-12-30', NULL, NULL, NULL, NULL, NULL),
(575, 'ANAHI PRIMITIVA', 'LLAMPA', 'BORDA', 'F', '609000052017037', '15490806', '2012-05-21', NULL, NULL, NULL, NULL, NULL),
(576, 'MARY FLOR', 'MAMANI', 'GRAGEDA', 'F', '409000052017054', '15076942', '2012-06-20', NULL, NULL, NULL, NULL, NULL),
(577, 'KEVIN', 'MAMANI', 'IQUISE', 'M', '8123028920152129', '15744470', '2010-12-25', NULL, NULL, NULL, NULL, NULL),
(578, 'AIDE', 'MENECES', 'SALVATIERRA', 'F', '409000052017007', '13417900', '2011-07-18', NULL, NULL, NULL, NULL, NULL),
(579, 'JHON BAIRON', 'MERUBIA', 'JORGE', 'M', '809802272016070', '13584395', '2012-02-14', NULL, NULL, NULL, NULL, NULL),
(580, 'MISHELL', 'MURUCHI', 'IMPA', 'F', '812301662016100', '15383037', '2011-09-22', NULL, NULL, NULL, NULL, NULL),
(581, 'LUIS DANIEL', 'QUISPE', 'MAITA', 'M', '409000042016027', '14421357', '2011-07-25', NULL, NULL, NULL, NULL, NULL),
(582, 'ALEJANDRO', 'ROCA', 'MORALES', 'M', '619500652014173', '15160446', '2009-09-22', NULL, NULL, NULL, NULL, NULL),
(583, 'MARIA JULIA', 'RUIZ', 'GUILLEN', 'F', '807303762017003', '13279531', '2011-07-09', NULL, NULL, NULL, NULL, NULL),
(584, 'JHONATAN', 'TERCEROS', 'CARRASCO', 'M', '409000052014506', '14440891', '2009-06-26', NULL, NULL, NULL, NULL, NULL),
(585, 'ENAIDA JAZMIN', 'VARGAS', 'FERNANDEZ', 'F', '4090000520152920', '16102008', '2010-06-15', NULL, NULL, NULL, NULL, NULL),
(586, 'LUZ RIHANNA', 'VALENCIA', 'CALLE', 'F', '809800782017135', '13590823', '2011-07-13', NULL, NULL, NULL, NULL, NULL),
(587, 'BRANDON', 'VARGAS', 'QUISPE', 'M', '4090000520176802', '14470438', '2010-11-11', NULL, NULL, NULL, NULL, NULL),
(588, 'JESUS NOEL', 'VELASCO', 'VILLARROEL', 'M', '409000272016025', '16780204', '2011-12-25', NULL, NULL, NULL, NULL, NULL),
(589, 'ABDIAS', 'ZENTENO', 'CRESPO', 'M', '409000042017012', '15352535', '2012-04-06', NULL, NULL, NULL, NULL, NULL),
(590, 'ARACELY', '', 'ESTRADA', 'F', '409000052017058', '16832654', '2011-10-21', NULL, NULL, NULL, NULL, NULL),
(591, 'LUIS FABRICIO', 'AGUILAR', 'JUSTINIANO', 'M', '809800692016172', '17102126', '2011-11-12', NULL, NULL, NULL, NULL, NULL),
(592, 'DANIELA', 'ANGULO', 'QUIROZ', 'F', '409000052017041', '15068307', '2012-06-01', NULL, NULL, NULL, NULL, NULL),
(593, 'ADRIAN DEIMAR', 'APAZA', 'CHOQUE', 'M', '809802352016013', '15163007', '2012-02-17', NULL, NULL, NULL, NULL, NULL),
(594, 'CAMILA NOHEMI', 'BAYA', 'COPA', 'F', '809800852016007', '14038293', '2012-06-12', NULL, NULL, NULL, NULL, NULL),
(595, 'ANGELINA ANDREA', 'CACERES', 'JALDIN', 'F', '409000072017030', '15798411', '2012-02-20', NULL, NULL, NULL, NULL, NULL),
(596, 'JHANETH MAJHELI', 'CALLEJAS', 'VEIZAGA', 'F', '409000042016048', '16565586', '2011-07-09', NULL, NULL, NULL, NULL, NULL),
(597, 'BENJAMIN', 'CHOQUE', 'AGUAYO', 'M', '409000052017043', '15954429', '2011-12-02', NULL, NULL, NULL, NULL, NULL),
(598, 'ELIAS JHOEL', 'CORDOVA', 'ALVAREZ', 'M', '409000052017037', '15075044', '2012-05-26', NULL, NULL, NULL, NULL, NULL),
(599, 'DANIEL', 'DORADO', 'VACA', 'M', '819804842019081', '15318537', '2012-03-17', NULL, NULL, NULL, NULL, NULL),
(600, 'JUAN DAVID', 'FATTY', 'VELLIZ', 'M', '409000052017019', '12491618', '2011-07-29', NULL, NULL, NULL, NULL, NULL),
(601, 'GHILMAR', 'FLORES', 'GUTIERREZ', 'M', '809800172017001', '15657764', '2011-07-27', NULL, NULL, NULL, NULL, NULL),
(602, 'SOFIA', 'GARCIA', 'TECILLO', 'F', '409000052017047', '16016751', '2011-11-22', NULL, NULL, NULL, NULL, NULL),
(603, 'RODRIGO', 'GUTIERREZ', 'HERRERA', 'M', '409000052017026', '15066077', '2012-01-28', NULL, NULL, NULL, NULL, NULL),
(604, 'JUANA ROSA', 'INOSENTE', 'CHARACAYO', 'F', '409000052017048', '15081468', '2011-09-20', NULL, NULL, NULL, NULL, NULL),
(605, 'REBECA JHANET', 'LAUREANO', 'FATY', 'F', '409000052017049', '14515575', '2012-05-13', NULL, NULL, NULL, NULL, NULL),
(606, 'KATERIN LEYDA', 'LONASCO', 'RUIZ', 'F', '409000052017012', '15317679', '2011-07-12', NULL, NULL, NULL, NULL, NULL),
(607, 'ANET', 'LUCIO', 'PANIAGUA', 'F', '4090000720158549', '', '2010-05-09', NULL, NULL, NULL, NULL, NULL),
(608, 'JHOSELIN', 'MAMANI', 'ORTIZ', 'F', '809000382016015', '14512173', '2011-01-26', NULL, NULL, NULL, NULL, NULL),
(609, 'JHOEL', 'NINAVIA', 'REVOLLO', 'M', '409000052017036', '14997601', '2011-10-29', NULL, NULL, NULL, NULL, NULL),
(610, 'MARLENE JHANJAIRA', 'NUÑEZ', 'HERBOSO', 'F', '4090000520152404', '16625948', '2009-07-25', NULL, NULL, NULL, NULL, NULL),
(611, 'JHADIEL JOSTIN', 'PARDO', 'GARCIA', 'M', '409000052017020', '14381683', '2011-08-17', NULL, NULL, NULL, NULL, NULL),
(612, 'LUCIANA MASSIEL', 'PERICON', 'COSSIO', 'F', '409000092016032', '13226156', '2012-04-28', NULL, NULL, NULL, NULL, NULL),
(613, 'DAIANE', 'QUISPE', 'GARCIA', 'F', '809802872018002', '16250310', '2010-07-30', NULL, NULL, NULL, NULL, NULL),
(614, 'JHON', 'REVOLLO', 'CONDORI', 'M', '409000052016002', '14515875', '2011-05-25', NULL, NULL, NULL, NULL, NULL),
(615, 'CAMILA', 'SAAVEDRA', 'ROJAS', 'F', '409000052017063', '15718853', '2010-10-29', NULL, NULL, NULL, NULL, NULL),
(616, 'ADRIAN ALEJANDRO', 'SALVATIERRA', 'YUJO', 'M', '722100032015840A', '16876303', '2010-10-09', NULL, NULL, NULL, NULL, NULL),
(617, 'MARIBEL', 'SANGRERI', 'TORRES', 'F', '809805172017062', '15708614', '2012-06-11', NULL, NULL, NULL, NULL, NULL),
(618, 'CAMILA', 'TOLA', 'PILLCO', 'F', '409000052017008', '15065968', '2011-09-13', NULL, NULL, NULL, NULL, NULL),
(619, 'RAUL', 'TORREZ', 'ALEJO', 'M', '409000182015200', '14122669', '2011-06-05', NULL, NULL, NULL, NULL, NULL),
(620, 'THIAGO JOAQUIN', 'VARGAS', 'MORALES', 'M', '409000052017025', '17080174', '2012-03-20', NULL, NULL, NULL, NULL, NULL),
(621, 'ABNER', 'ZENTENO', 'CRESPO', 'M', '409000042017013', '15352514', '2012-04-06', NULL, NULL, NULL, NULL, NULL),
(622, 'NAHUEL', 'ZURITA', 'RODRIGUEZ', 'M', '80980551201514', '', '2010-11-04', NULL, NULL, NULL, NULL, NULL),
(623, 'MIGUEL ANGEL', 'ACHO', 'VASQUEZ', 'M', '808600752016008', '13840576', '2011-03-30', NULL, NULL, NULL, NULL, NULL),
(624, 'IVER', 'ACHU', 'LAZARO', 'M', '409000052014296', '14381612', '2008-11-02', NULL, NULL, NULL, NULL, NULL),
(625, 'JHON OLIVER', 'ALVARADO', 'LAUREANO', 'M', '409000052016008', '12623434', '2011-03-17', NULL, NULL, NULL, NULL, NULL),
(626, 'ALLISON', 'ANGULO', 'RODRIGUEZ', 'F', '409000052016018', '15224720', '2011-03-10', NULL, NULL, NULL, NULL, NULL),
(627, 'MIRIAM', 'BARRETA', 'CRUZ', 'F', '409000052016020', '15068119', '2011-06-21', NULL, NULL, NULL, NULL, NULL),
(628, 'ERICK', 'CALIZAYA', 'SALVATIERRA', 'M', '409000052015272A', '16179746', '2009-12-16', NULL, NULL, NULL, NULL, NULL),
(629, 'NEYMAR ALEXIS', 'CORONEL', 'MAMANI', 'M', '408700922016031', '16309814', '2011-05-18', NULL, NULL, NULL, NULL, NULL),
(630, 'BRITANNY MIREL', 'FUENTES', 'FLORES', 'F', '809800292014112', '14813281', '2010-02-17', NULL, NULL, NULL, NULL, NULL),
(631, 'ELVI LIZBETH', 'LAZARO', 'CONDORI', 'F', '409000052016006', '13994292', '2011-06-19', NULL, NULL, NULL, NULL, NULL),
(632, 'KAREN', 'LIMA', 'ESPINOZA', 'F', '409000052016014', '15077270', '2011-03-20', NULL, NULL, NULL, NULL, NULL),
(633, 'JHULIANA', 'LIMACHI', 'TACURI', 'F', '409000052016021', '14266314', '2010-09-12', NULL, NULL, NULL, NULL, NULL),
(634, 'JONAS', 'LIMACHI', 'DELGADILLO', 'M', '409000052017059', '15081398', '2010-11-12', NULL, NULL, NULL, NULL, NULL),
(635, 'JOEL', 'MARTINEZ', 'MAMANI', 'M', '409000052016015', '14121532', '2010-08-22', NULL, NULL, NULL, NULL, NULL),
(636, 'DAVID', 'MARTINEZ', 'VIZALLA', 'M', '4090000520152825', '15142566', '2009-09-26', NULL, NULL, NULL, NULL, NULL),
(637, 'DAYANA', 'MERCADO', 'MONTECINOS', 'F', '409000052016013', '14512670', '2010-07-17', NULL, NULL, NULL, NULL, NULL),
(638, 'DAYLIN', 'MURUCHI', 'IMPA', 'F', '8123016720152066', '15383028', '2010-03-04', NULL, NULL, NULL, NULL, NULL),
(639, 'KATERIN DIANA', 'REVOLLO', 'VERA', 'F', '409000052016001', '14383772', '2010-08-15', NULL, NULL, NULL, NULL, NULL),
(640, 'ELVIS', 'RODRIGUEZ', 'VENEGAS', 'M', '80920009201573', '15919874', '2010-03-08', NULL, NULL, NULL, NULL, NULL),
(641, 'JOSUE GERMAIDER', 'ROJAS', 'ROJAS', 'M', '809804012016026', '15530788', '2010-09-13', NULL, NULL, NULL, NULL, NULL),
(642, 'JUAN JOSE', 'ROTALES', 'SOLIZ', 'M', '809803522015613', '13994972', '2010-11-18', NULL, NULL, NULL, NULL, NULL),
(643, 'JOSE DANIEL', 'VERA', 'ROCHA', 'M', '409000052016043', '12464934', '2011-02-08', NULL, NULL, NULL, NULL, NULL),
(644, 'RUDY ANGEL', 'VILLARROEL', 'MAMANI', 'M', '809804182015647', '14971255', '2010-09-22', NULL, NULL, NULL, NULL, NULL),
(645, 'EVELYN', 'YAPARI', 'MAMANI', 'F', '409000052016005', '15077081', '2010-09-11', NULL, NULL, NULL, NULL, NULL),
(646, 'JHOSELIN', 'ALVAREZ', 'GONZALES', 'F', '4090000520152677', '16367989', '2009-11-27', NULL, NULL, NULL, NULL, NULL),
(647, 'ESNAYDER', 'CALICHO', 'ARNEZ', 'M', '8189011120151582', '13302256', '2011-02-17', NULL, NULL, NULL, NULL, NULL),
(648, 'JOSUEL', 'CARRILLO', 'PADILLA', 'M', '4090000520152442', '15077082', '2009-08-12', NULL, NULL, NULL, NULL, NULL),
(649, 'AIDEE', 'CARRILLO', 'PADILLA', 'F', '409000052016030', '15077248', '2011-05-29', NULL, NULL, NULL, NULL, NULL),
(650, 'JHONATAN', 'CATUNTA', 'LAUREANO', 'M', '7118001320152843', '16833675', '2010-03-08', NULL, NULL, NULL, NULL, NULL),
(651, 'IKER', 'CHIPATA', 'CABEZAS', 'M', '409000042016002', '14195508', '2011-03-10', NULL, NULL, NULL, NULL, NULL),
(652, 'ISAIAS FREDDY', 'COSSIO', 'VIDAL', 'M', '8198049820145388', '14011832', '2010-09-14', NULL, NULL, NULL, NULL, NULL),
(653, 'JUAN DAVID', 'CUELLAR', 'MAMANI', 'M', '409000052016032', '16214732', '2010-11-04', NULL, NULL, NULL, NULL, NULL),
(654, 'ANALIA', 'ESCOBAR', 'CARRILLO', 'F', '4090000520152639', '14834568', '2010-02-25', NULL, NULL, NULL, NULL, NULL),
(655, 'MOISES WILLIAN', 'ESPINOZA', 'CALI', 'M', '409000052016041', '14722147', '2010-09-08', NULL, NULL, NULL, NULL, NULL),
(656, 'PRISCILA DARINIA', 'FUENTES', 'FLORES', 'F', '809800292015104', '14812834', '2011-01-18', NULL, NULL, NULL, NULL, NULL),
(657, 'RUSSELL ANDRE', 'GUEVARA', 'CASANOVA', 'M', '809000242014799', '16639776', '2010-03-20', NULL, NULL, NULL, NULL, NULL),
(658, 'JAVIER', 'GUTIERREZ', 'SIACARI', 'M', '6090002420152428', '13260636', '2011-01-20', NULL, NULL, NULL, NULL, NULL),
(659, 'HECTOR', 'INOCENTE', 'SOTO', 'M', '4090000720146022', '12403426', '2009-01-30', NULL, NULL, NULL, NULL, NULL),
(660, 'AMELIA DAYANA', 'JUYARI', 'NINA', 'F', '811700282015642', '14146628', '2011-05-31', NULL, NULL, NULL, NULL, NULL),
(661, 'JHOSTIN FAVIAN', 'MAMANI', 'JAILLITA', 'M', '409000052016044', '12524293', '2010-10-01', NULL, NULL, NULL, NULL, NULL),
(662, 'BRITHANNY DAYANA', 'MEDINA', 'GUTIERREZ', 'F', '4090002020152650', '15833211', '2010-11-12', NULL, NULL, NULL, NULL, NULL),
(663, 'ORIANA', 'MENDEZ', 'RODRIGUEZ', 'F', '719800622016006', '17005929', '2010-07-27', NULL, NULL, NULL, NULL, NULL),
(664, 'ELVIS JAMIL', 'MENECES', 'CARRILLO', 'M', '4090000520152366', '17257360', '2009-07-14', NULL, NULL, NULL, NULL, NULL),
(665, 'DENIS', 'MOLINA', 'SORIA', 'M', '7090001220151377', '', '2010-01-23', NULL, NULL, NULL, NULL, NULL),
(666, 'GABRIEL', 'MONTECINOS', 'ROJAS', 'M', '809800772015158A', '14834663', '2010-08-14', NULL, NULL, NULL, NULL, NULL),
(667, 'WILMAR', 'MUÑOS', 'DELGADILLO', 'M', '409000052016036', '14512211', '2009-09-16', NULL, NULL, NULL, NULL, NULL),
(668, 'LIZ VANIA', 'ROJAS', 'QUECAÑA', 'F', '409000052017062', '17606027', '2011-01-28', NULL, NULL, NULL, NULL, NULL),
(669, 'CAMILA ESTEFANI', 'SILES', 'MENDOZA', 'F', '409000092015608A', '16262652', '2010-12-02', NULL, NULL, NULL, NULL, NULL),
(670, 'JHEREMY', 'TORRES', 'ROCHA', 'M', '409000052016007', '15079277', '2010-09-23', NULL, NULL, NULL, NULL, NULL),
(671, 'DANIEL', 'TOLA', 'PILLCO', 'M', '4090000520152916', '15079330', '2010-01-07', NULL, NULL, NULL, NULL, NULL),
(672, 'ELVIS CRISTIAN', 'TRIVEÑO', 'PADILLA', 'M', '409000052016028', '16059467', '2011-04-10', NULL, NULL, NULL, NULL, NULL),
(673, 'NAHUEL', 'ZURITA', 'RODRIGUEZ', 'M', '80980551201514', '', '2010-11-04', NULL, NULL, NULL, NULL, NULL),
(674, 'KEVIN IVAN', 'ALACORE', 'CHAMBI', 'M', '40900005201425', '12492908', '2008-12-26', NULL, NULL, NULL, NULL, NULL),
(675, 'DANIEL', 'ALANOCA', 'LAZO', 'M', '4073026320141378', '13815871', '2010-01-12', NULL, NULL, NULL, NULL, NULL),
(676, 'JHANET', 'ALBA', 'ALMANZA', 'F', '4090000520152662', '15082353', '2009-10-01', NULL, NULL, NULL, NULL, NULL),
(677, 'JUAN MIGUEL', 'AYAVIRI', 'MICO', 'M', '8148020020141809', '12813126', '2008-08-02', NULL, NULL, NULL, NULL, NULL),
(678, 'FERNANDA MICHEL', 'BAYA', 'COPA', 'F', '809800852014381', '14038292', '2009-09-14', NULL, NULL, NULL, NULL, NULL),
(679, 'MARLENI', 'CALI', 'ESPINOZA', 'F', '4090000520152715', '14834547', '2010-06-06', NULL, NULL, NULL, NULL, NULL),
(680, 'ALEX', 'CARI CARI', 'MORCO', 'M', '80890067201462', '13227914', '2009-11-16', NULL, NULL, NULL, NULL, NULL),
(681, 'NATALY', 'CARRILLO', 'ESPINOZA', 'F', '4090000520152624', '15077348', '2010-06-29', NULL, NULL, NULL, NULL, NULL),
(682, 'ALEYDA', 'CASILLA', 'UGARTE', 'F', '809802352015693', '9513156', '2010-05-30', NULL, NULL, NULL, NULL, NULL),
(683, 'NEISA', 'CHOQUE', 'CAYARA', 'F', '8198122120157357', '16990439', '2009-10-06', NULL, NULL, NULL, NULL, NULL),
(684, 'JOEL', 'CHOQUE', 'AGUAYO', 'M', '4090000520152749', '15079486', '2010-02-04', NULL, NULL, NULL, NULL, NULL),
(685, 'YANINA CAMILA', 'CHOQUE', 'CESPEDES', 'F', '6090000520142240', '15476072', '2010-04-28', NULL, NULL, NULL, NULL, NULL),
(686, 'KEVIN', 'CLAROS', 'CONDORI', 'M', '40900007201511214', '14834549', '2010-03-06', NULL, NULL, NULL, NULL, NULL),
(687, 'JOSUE ISAIAS', 'COSSIO', 'VIDAL', 'M', '8198049820143992', '14011775', '2008-08-09', NULL, NULL, NULL, NULL, NULL),
(688, 'LEONEL ANDRE', 'COCA', 'LEDEZMA', 'M', '6089003220142690', '14233573', '2009-09-17', NULL, NULL, NULL, NULL, NULL),
(689, 'VICTOR MANUEL', 'GARCIA', 'VILLARROEL', 'M', '409000272014246', '15075085', '2009-11-27', NULL, NULL, NULL, NULL, NULL),
(690, 'VICTORIA', 'GARCIA', 'TECILLO', 'F', '409000052014415', '14834548', '2009-04-27', NULL, NULL, NULL, NULL, NULL),
(691, 'MIGUEL ANGEL', 'GUTIERREZ', 'HERRERA', 'M', '4090000520152586', '15079693', '2009-07-04', NULL, NULL, NULL, NULL, NULL),
(692, 'JUAN DE DIOS', 'IRIARTE', 'QUINTEROS', 'M', '4090002420151038', '13225123', '2007-06-08', NULL, NULL, NULL, NULL, NULL),
(693, 'NADIENKA ANA', 'LA TORRE', 'MERIDA', 'F', '8123012520141678', '13124609', '2010-05-06', NULL, NULL, NULL, NULL, NULL),
(694, 'JHEYSON', 'LIMA', 'ESPINOZA', 'M', '409000052014179', '15077265', '2009-02-22', NULL, NULL, NULL, NULL, NULL),
(695, 'ARON ISRAEL', 'MANTILLA', 'MAMANI', 'M', '809802892014656', '13375162', '2009-11-15', NULL, NULL, NULL, NULL, NULL),
(696, 'MARIA RENE', 'PALLA', 'CONDORI', 'F', '8117002720141352', '14146804', '2010-04-05', NULL, NULL, NULL, NULL, NULL),
(697, 'HIERKO ALEJANDRO', 'QUELCA', 'CONDORI', 'M', '4090000520152423', '15896802', '2010-03-18', NULL, NULL, NULL, NULL, NULL),
(698, 'MAIRA CELESTE', 'QUISPE', 'HINOJOSA', 'F', '4090000520152476', '14357977', '2009-10-10', NULL, NULL, NULL, NULL, NULL),
(699, 'MAXIMO', 'RAMIREZ', 'LEON', 'M', '4090000520152552', '15027740', '2010-03-19', NULL, NULL, NULL, NULL, NULL),
(700, 'FELIX', 'RAMIREZ', 'LEON', 'M', '4090000520152567', '15027734', '2010-03-19', NULL, NULL, NULL, NULL, NULL),
(701, 'BRITANI MELANI', 'SANTA MARIA', 'CONDORI', 'F', '4090000520152882', '10720201', '2009-07-27', NULL, NULL, NULL, NULL, NULL),
(702, 'MARIANA', 'SOCOMPI', 'ROCHA', 'F', '409000052015239A', '15077273', '2010-05-14', NULL, NULL, NULL, NULL, NULL),
(703, 'JUAN FLAVIO', 'VEGA', 'ANCASI', 'M', '4090000520152514', '14582812', '2009-10-23', NULL, NULL, NULL, NULL, NULL),
(704, 'ALEJANDRO ULICES', 'VELIZ', 'LEON', 'M', '409000052015294A', '14722299', '2009-11-26', NULL, NULL, NULL, NULL, NULL),
(705, 'DILAN ANTHONY', 'ALVARADO', 'MARTINEZ', 'M', '8089001520155133', '16718288', '2010-01-09', NULL, NULL, NULL, NULL, NULL),
(706, 'JHOSET SILENY', 'CABALLERO', 'SILVA', 'F', '409000042015372', '14625334', '2009-10-12', NULL, NULL, NULL, NULL, NULL),
(707, 'CESAR', 'COLQUE', 'ZEBALLOS', 'M', '8098000720145238', '13378854', '2009-12-20', NULL, NULL, NULL, NULL, NULL),
(708, 'JOSE SANDRO', 'GARCIA', 'FERNANDEZ', 'M', '5090004920142998', '15329576', '2009-04-08', NULL, NULL, NULL, NULL, NULL),
(709, 'MARCO DANIEL', 'LAYME', 'NINA', 'M', '605700042013153', '13797657', '2009-03-30', NULL, NULL, NULL, NULL, NULL),
(710, 'HILARIA', 'MAMANI', 'PACO', 'F', '4090000520152810', '15082146', '2009-10-14', NULL, NULL, NULL, NULL, NULL),
(711, 'ANGELA ROSARIO', 'MAMANI', 'LAZO', 'F', '409000122014226', '16747203', '2010-03-14', NULL, NULL, NULL, NULL, NULL),
(712, 'CAMILA WENDY', 'MERINO', 'PANAMA', 'F', '409000042014200', '15333284', '2010-04-06', NULL, NULL, NULL, NULL, NULL),
(713, 'JHULIETH MELANI', 'NUÑEZ', 'FUENTES', 'F', '809802352014612', '12492029', '2010-06-08', NULL, NULL, NULL, NULL, NULL),
(714, 'ELMER', 'QUINTEROS', 'CARRILLO', 'M', '409000052014483', '15035796', '2009-06-09', NULL, NULL, NULL, NULL, NULL),
(715, 'ROSARIO', 'QUINTEROS', 'CARRILLO', 'F', '409000052014478', '15039715', '2009-06-09', NULL, NULL, NULL, NULL, NULL),
(716, 'TAIDE DANIELA', 'QUIROGA', 'HINOJOSA', 'F', '409000272014940', '16643525', '2009-04-30', NULL, NULL, NULL, NULL, NULL),
(717, 'MIQUE EDWIN', 'QUISPE', 'HUIRACOCHA', 'M', '4090000520152859', '16091192', '2009-12-22', NULL, NULL, NULL, NULL, NULL),
(718, 'JOSE MIGUEL', 'ROJAS', 'LAZARTE', 'M', '8098026420126719', '15686885', '2007-06-07', NULL, NULL, NULL, NULL, NULL),
(719, 'SHEYLA NATALY', 'SALAS', 'AGUILAR', 'F', '4090000520152878', '16304315', '2009-08-05', NULL, NULL, NULL, NULL, NULL),
(720, 'VIANKA CAROLAY', 'SALVATIERRA', 'YUJO', 'F', '7221000320138697', '16875930', '2008-09-26', NULL, NULL, NULL, NULL, NULL),
(721, 'ELIAS', 'SANGRERI', 'TORRES', 'M', '8098051720154419', '14697816', '2010-04-25', NULL, NULL, NULL, NULL, NULL),
(722, 'LUZ CLARITA', 'TERCEROS', 'ANTONIO', 'F', '4090000520152901', '15062737', '2009-10-11', NULL, NULL, NULL, NULL, NULL),
(723, 'ISRAEL', 'TOLA', 'PILLCO', 'M', '4090000520153510', '15079289', '2008-03-19', NULL, NULL, NULL, NULL, NULL),
(724, 'ESTEFANY EVELYN', 'VARGAS', 'QUISPE', 'F', '4090000520172417', '10069125', '2008-11-13', NULL, NULL, NULL, NULL, NULL),
(725, 'JOEL', 'ALVAREZ', 'MAMANI', 'M', '609000352018124', '13096832', '2008-03-26', NULL, NULL, NULL, NULL, NULL),
(726, 'ERICK', 'BRAVO', 'AVALOS', 'M', '80890014201112327', '15546972', '2006-06-14', NULL, NULL, NULL, NULL, NULL),
(727, 'MADAY DANIA', 'BUSTAMANTE', 'VELIZ', 'F', '40900005201431', '13379027', '2009-03-08', NULL, NULL, NULL, NULL, NULL),
(728, 'SEVERO', 'CAISINA', 'SOTO', 'M', '40900005201448', '14195846', '2009-04-22', NULL, NULL, NULL, NULL, NULL),
(729, 'DIEGO', 'CARRILLO', 'FLORES', 'M', '40900005201460', '14722265', '2009-04-27', NULL, NULL, NULL, NULL, NULL),
(730, 'ANABEL', 'COCA', 'SANDOVAL', 'F', '409000052014100', '14447810', '2009-02-18', NULL, NULL, NULL, NULL, NULL),
(731, 'DAVID', 'COCA', 'CALLAHUARA', 'M', '4090000520149A', '14235534', '2008-12-28', NULL, NULL, NULL, NULL, NULL),
(732, 'CESAR', 'ESPINOZA', 'CALI', 'M', '409000052014371', '14722048', '2008-10-21', NULL, NULL, NULL, NULL, NULL),
(733, 'NOELIA', 'FERREL', 'QUIROZ', 'F', '409000052014121', '15962994', '2008-08-19', NULL, NULL, NULL, NULL, NULL),
(734, 'JESSICA', 'FLORES', 'GARCIA', 'F', '409000182013825', '14328258', '2008-03-24', NULL, NULL, NULL, NULL, NULL),
(735, 'LAVINIA', 'FLORES', 'GUTIERREZ', 'F', '7147000220153357', '14541136', '2009-03-31', NULL, NULL, NULL, NULL, NULL),
(736, 'RONALD', 'FLORES', 'NINA', 'M', '809800462014310', '13718083', '2007-09-25', NULL, NULL, NULL, NULL, NULL),
(737, 'JAVIER', 'GARCIA', 'ESCOBAR', 'M', '8098003220145572', '9624317', '2008-08-29', NULL, NULL, NULL, NULL, NULL),
(738, 'ALEX ANGEL', 'GUZMAN', 'POMA', 'M', '809800232012718', '13066204', '2008-04-18', NULL, NULL, NULL, NULL, NULL),
(739, 'ROSMERY', 'INOCENTE', 'CUISARA', 'F', '409000052014158', '14783882', '2008-05-20', NULL, NULL, NULL, NULL, NULL),
(740, 'JUAN JHOEL', 'LIMACHI', 'TACURI', 'M', '409000052014184', '14266312', '2008-09-30', NULL, NULL, NULL, NULL, NULL),
(741, 'CARMEN', 'MAMANI', 'FLORES', 'F', '40900005201419A', '9474975', '2008-07-23', NULL, NULL, NULL, NULL, NULL),
(742, 'AYDE', 'OLGUIN', 'REJAS', 'F', '409000052014233', '12713133', '2009-03-01', NULL, NULL, NULL, NULL, NULL),
(743, 'DIANA GABRIELA', 'PEREZ', 'SALAZAR', 'F', '4090000520227005', '9508180', '2009-03-16', NULL, NULL, NULL, NULL, NULL),
(744, 'ABDY', 'QUISPE', 'CHAVEZ', 'M', '8098026320123546', '15722709', '2007-09-16', NULL, NULL, NULL, NULL, NULL),
(745, 'ANABEL', 'QUISPE', 'GARCIA', 'F', '407304562014482A', '9733126', '2009-02-10', NULL, NULL, NULL, NULL, NULL),
(746, 'ANA SOLEDAD', 'ROTALES', 'SOLIZ', 'F', '809803522013580', '13994971', '2008-09-23', NULL, NULL, NULL, NULL, NULL),
(747, 'ALISON BRITANNY', 'SALAS', 'AGUILAR', 'F', '409000052014249', '16304257', '2008-07-16', NULL, NULL, NULL, NULL, NULL),
(748, 'JUAN DAVID', 'TERCEROS', 'CARRASCO', 'M', '4090000520116142', '14447003', '2006-05-13', NULL, NULL, NULL, NULL, NULL),
(749, 'YARA ARLETH', 'TICONA', 'PORCE', 'F', '8098031320141023', '10817646', '2009-05-13', NULL, NULL, NULL, NULL, NULL),
(750, 'LETICIA', 'VARGAS', 'CONDORI', 'F', '409000072013309', '13943787', '2007-12-03', NULL, NULL, NULL, NULL, NULL),
(751, 'NEYDA AMELY', 'VERA', 'TARIFA', 'F', '409000042013362', '15077026', '2008-08-04', NULL, NULL, NULL, NULL, NULL),
(752, 'YOSELIN LUCERO', 'VERA', 'CHOQUE', 'F', '409000052014275', '9429739', '2009-01-30', NULL, NULL, NULL, NULL, NULL),
(753, 'CARLOS GABRIEL', 'ACHO', 'VASQUEZ', 'M', '8086007520143111', '13840812', '2008-09-01', NULL, NULL, NULL, NULL, NULL),
(754, 'KANDY', 'AVILA', 'PADILLA', 'F', '409000052014303', '16514017', '2008-12-11', NULL, NULL, NULL, NULL, NULL),
(755, 'NILTON', 'CABRERA', 'MONTECINOS', 'M', '409000052014324', '15078636', '2008-12-25', NULL, NULL, NULL, NULL, NULL),
(756, 'DEYSI', 'CAISINA', 'VILLEZ', 'F', '40900005201433A', '14440357', '2008-12-22', NULL, NULL, NULL, NULL, NULL),
(757, 'ARIEL MARIO', 'CHIRI', 'TOLA', 'M', '409000052014345', '14234490', '2008-08-03', NULL, NULL, NULL, NULL, NULL),
(758, 'JHOAN ANDY', 'CHOQUE', 'CESPEDES', 'M', '60900005201324', '9392757', '2008-07-18', NULL, NULL, NULL, NULL, NULL),
(759, 'NOEL DAVID', 'CHOQUE', 'CHIRI', 'M', '409000052014350', '14834593', '2009-03-23', NULL, NULL, NULL, NULL, NULL),
(760, 'CHAIR JHILMER', 'COTARI', 'JIMENEZ', 'M', '4090000520125526', '14834467', '2007-05-31', NULL, NULL, NULL, NULL, NULL),
(761, 'MAYCOL', 'CRESPO', 'HERRERA', 'M', '409000052014366', '15077035', '2009-02-04', NULL, NULL, NULL, NULL, NULL),
(762, 'ALEX', 'ESPINOZA', 'PADILLA', 'M', '4090000520115457', '15936205', '2006-06-12', NULL, NULL, NULL, NULL, NULL),
(763, 'ELIZABETH', 'FATTY', 'LAUREANO', 'F', '409000052014387', '14868026', '2009-03-14', NULL, NULL, NULL, NULL, NULL),
(764, 'CARLOS JHOAN', 'GALARZA', 'ESCOBAR', 'M', '40900005201440A', '17118778', '2008-08-07', NULL, NULL, NULL, NULL, NULL),
(765, 'LUIS ANGEL', 'HEREDIA', 'MOLINA', 'M', '8098010720133069', '13893704', '2008-05-19', NULL, NULL, NULL, NULL, NULL),
(766, 'JAZMIN', 'INOCENTE', 'TOAQUE', 'F', '409000052014420', '14447505', '2009-03-19', NULL, NULL, NULL, NULL, NULL),
(767, 'ELIANA', 'INOCENTE', 'COCA', 'F', '409000052014163', '14123161', '2008-08-03', NULL, NULL, NULL, NULL, NULL),
(768, 'FABIOLA', 'IQUISE', 'MAMANI', 'F', '812300162013135', '7405016', '2008-05-16', NULL, NULL, NULL, NULL, NULL),
(769, 'WENS ABNER', 'JIMENEZ', 'SOLIZ', 'M', '409000122014408', '12968825', '2008-11-26', NULL, NULL, NULL, NULL, NULL),
(770, 'ZENAIDA', 'MAMANI', 'ORTIZ', 'F', '809000382014611', '13944702', '2008-12-11', NULL, NULL, NULL, NULL, NULL),
(771, 'LEONARDO DAVID', 'MENESES', 'GUTIERREZ', 'M', '4090000520125655', '14834118', '2006-08-09', NULL, NULL, NULL, NULL, NULL),
(772, 'JHON SAUL', 'MORALES', 'ROCHA', 'M', '4090000520136314', '14512896', '2008-03-30', NULL, NULL, NULL, NULL, NULL),
(773, 'HERNAN ALEJANDRO', 'OTALORA', 'GUTIERREZ', 'M', '809800172012235', '17099714', '2007-12-27', NULL, NULL, NULL, NULL, NULL),
(774, 'GROBER', 'PINEDO', 'ROCHA', 'M', '70930004201368', '13824898', '2006-11-09', NULL, NULL, NULL, NULL, NULL),
(775, 'SANTIAGO ISRAEL', 'REVOLLO', 'MONTAÑO', 'M', '40900004201348A', '12524763', '2008-09-17', NULL, NULL, NULL, NULL, NULL),
(776, 'SOLEDAD', 'TECILLO', 'VALERIANO', 'F', '8123027520153888', '15698852', '2009-01-16', NULL, NULL, NULL, NULL, NULL),
(777, 'INES', 'VARGAS', 'TOMAS', 'F', '709000762015482', '16148005', '2009-01-27', NULL, NULL, NULL, NULL, NULL),
(778, 'LEONARDO FABIO', 'VELIZ', 'ROCHA', 'M', '409000062013482', '14446592', '2009-03-14', NULL, NULL, NULL, NULL, NULL),
(779, 'JHEISON', 'VELIZ', 'MENECES', 'M', '40900005201426A', '15077099', '2008-11-07', NULL, NULL, NULL, NULL, NULL),
(780, 'AMILCAR', 'VILLARROEL', 'ALMANZA', 'M', '409000052014548', '9457972', '2008-10-08', NULL, NULL, NULL, NULL, NULL),
(781, 'MIJAEL', 'YAPARI', 'MAMANI', 'M', '4090000420131172', '15079225', '2007-10-08', NULL, NULL, NULL, NULL, NULL),
(782, 'MAYTE', 'ALBA', 'ALMANZA', 'F', '4090000520136170', '14834693', '2007-10-30', NULL, NULL, NULL, NULL, NULL),
(783, 'RODRIGO', 'ALVAREZ', 'RODRIGUEZ', 'M', '80960100201280', '13745414', '2007-10-23', NULL, NULL, NULL, NULL, NULL),
(784, 'JOSUE', 'ARCE', 'CAMPOS', 'M', '80890060201377', '12555510', '2007-09-05', NULL, NULL, NULL, NULL, NULL),
(785, 'FREDDY', 'BARRETA', 'CRUZ', 'M', '4090000520136204', '15068097', '2007-11-22', NULL, NULL, NULL, NULL, NULL),
(786, 'MARIA PAOLA', 'BLANCO', 'ALEJO', 'F', '4090002120122909', '14699330', '2007-04-28', NULL, NULL, NULL, NULL, NULL),
(787, 'CARMEN', 'CATUNTA', 'LAUREANO', 'F', '711800132012446', '14669153', '2005-09-04', NULL, NULL, NULL, NULL, NULL),
(788, 'ARIANA JHASMIN', 'FUENTES', 'AJATA', 'F', '8098023520131207', '14834069', '2007-07-17', NULL, NULL, NULL, NULL, NULL),
(789, 'GUSTAVO', 'IQUISE', 'MAMANI', 'M', '812300162013177', '7405017', '2006-06-09', NULL, NULL, NULL, NULL, NULL),
(790, 'ALEYDA', 'LAUREANO', 'CONDORI', 'F', '4090000520136261', '12718407', '2008-01-25', NULL, NULL, NULL, NULL, NULL),
(791, 'EMA', 'LOPEZ', 'ROCHA', 'F', '4090000520136496', '14447148', '2008-03-04', NULL, NULL, NULL, NULL, NULL),
(792, 'HEYDI', 'MAMANI', 'QUENTA', 'F', '8098049420114827', '9516221', '2005-10-16', NULL, NULL, NULL, NULL, NULL),
(793, 'ALEX', 'MAMANI', 'CRUZ', 'M', '409000052012111', '14235109', '2006-09-06', NULL, NULL, NULL, NULL, NULL),
(794, 'ALICIA GABRIEL', 'MAMANI', 'LAURA', 'F', '4090000520136295', '8830896', '2008-01-22', NULL, NULL, NULL, NULL, NULL),
(795, 'HUMBERTO', 'MAMANI', 'ORTIZ', 'M', '809000382012461', '13587297', '2007-06-02', NULL, NULL, NULL, NULL, NULL),
(796, 'JHENY', 'MENECES', 'PEÑA', 'F', '4090000520146106', '14735089', '2008-04-25', NULL, NULL, NULL, NULL, NULL),
(797, 'AMELIA BELINDA', 'PEREZ', 'SALAZAR', 'F', '4090000520227900', '9507487', '2007-04-06', NULL, NULL, NULL, NULL, NULL),
(798, 'LEONARDO SERGIO', 'PIMIENTA', 'ZAPATA', 'M', '4090000520136329', '12971455', '2008-02-13', NULL, NULL, NULL, NULL, NULL),
(799, 'DAVID', 'REVOLLO', 'CONDORI', 'M', '4090000520136333', '14447752', '2008-03-31', NULL, NULL, NULL, NULL, NULL),
(800, 'RUBEN', 'ROJAS', 'RIOJA', 'M', '4090000520116032', '15470470', '2005-11-04', NULL, NULL, NULL, NULL, NULL),
(801, 'RONAL', 'SANGRERI', 'TORRES', 'M', '8098051720133991', '14697646', '2007-11-22', NULL, NULL, NULL, NULL, NULL),
(802, 'DARLIN', 'SOCOMPI', 'ROCHA', 'F', '4090000520136367', '14513665', '2007-09-20', NULL, NULL, NULL, NULL, NULL),
(803, 'CINTHIA PRISCILA', 'VILLARROEL', 'ALMANZA', 'F', '4090000520136386', '9457970', '2007-07-23', NULL, NULL, NULL, NULL, NULL),
(804, 'LUCIANA', '', 'SANCARI', 'F', '809805152013251', '13719429', '2007-12-01', NULL, NULL, NULL, NULL, NULL),
(805, 'JHOSMAR WILLIAM', '', 'ROCHA', 'M', '409000052011506A', '15081303', '2006-04-10', NULL, NULL, NULL, NULL, NULL),
(806, 'MIGUEL ANGEL', 'ALANOCA', 'LAZO', 'M', '407301972012634', '13872297', '2007-10-19', NULL, NULL, NULL, NULL, NULL),
(807, 'JESUS MIGUEL', 'ALVAREZ', 'GONZALES', 'M', '4090000520136405', '14514778', '2007-07-29', NULL, NULL, NULL, NULL, NULL),
(808, 'JHONATAN', 'APAZA', 'MAMANI', 'M', '4090000520125837', '14264161', '2006-08-16', NULL, NULL, NULL, NULL, NULL),
(809, 'MARIBEL', 'CABEZAS', 'COCHI', 'F', '409000052013641A', '16964006', '2007-04-28', NULL, NULL, NULL, NULL, NULL),
(810, 'BRANDON', 'CALIZAYA', 'SALVATIERRA', 'M', '4090000520136439', '16179731', '2007-12-12', NULL, NULL, NULL, NULL, NULL),
(811, 'JUAN JOSE', 'CARI CARI', 'MORCO', 'M', '808900672013633', '13228591', '2008-05-29', NULL, NULL, NULL, NULL, NULL),
(812, 'DANIEL', 'CORDOVA', 'ALVAREZ', 'M', '4090000520136443', '15074928', '2008-01-09', NULL, NULL, NULL, NULL, NULL),
(813, 'LUIS FERNANDO', 'FERNANDEZ', 'REVOLLO', 'M', '4090000520136458', '14058472', '2008-02-13', NULL, NULL, NULL, NULL, NULL),
(814, 'JHOSELIN', 'GARCIA', 'FERNANDEZ', 'F', '5090004920125791', '15329995', '2006-07-26', NULL, NULL, NULL, NULL, NULL),
(815, 'JUAN MATEO', 'HUARA', 'ANTEZANA', 'M', '4090000520136462', '16911875', '2008-02-22', NULL, NULL, NULL, NULL, NULL),
(816, 'RODRIGO', 'INOSENTE', 'SALVATIERRA', 'M', '4090000520136257', '13418709', '2007-09-10', NULL, NULL, NULL, NULL, NULL),
(817, 'DAVID', 'INOSENTE', 'CHARACAYO', 'M', '71420044201218', '13931034', '2008-06-15', NULL, NULL, NULL, NULL, NULL),
(818, 'FERNANDO', 'LOAYZA', 'CHAMBILLA', 'M', '4090000520136481', '15068192', '2008-03-30', NULL, NULL, NULL, NULL, NULL),
(819, 'KEVIN JHONATAN', 'MAMANI', 'LAZO', 'M', '40900012201331A', '14859949', '2007-11-30', NULL, NULL, NULL, NULL, NULL),
(820, 'CRISTIAN WALDO', 'MAMANI', 'GRAGEDA', 'M', '4090000520136500', '15079329', '2007-08-13', NULL, NULL, NULL, NULL, NULL),
(821, 'ALAIN SAUL', 'MORALES', 'PEÑA', 'M', '409000052013652A', '15079669', '2008-06-03', NULL, NULL, NULL, NULL, NULL),
(822, 'CALOYERO DUSTAN', 'PEÑA', 'CORRALES', 'M', '8098001720114791', '13719440', '2006-09-18', NULL, NULL, NULL, NULL, NULL),
(823, 'CRISTIAN ENRRIQUE', 'ROCHA', 'PEÑA', 'M', '4090000520136553', '13380322', '2008-06-15', NULL, NULL, NULL, NULL, NULL),
(824, 'SHEYLA', 'RODRIGUEZ', 'INCA', 'F', '8098008520112232', '15482640', '2007-01-23', NULL, NULL, NULL, NULL, NULL),
(825, 'ALEX', 'ROJAS', 'ARUQUIPA', 'M', '4090000520136348', '14235114', '2008-01-02', NULL, NULL, NULL, NULL, NULL),
(826, 'THIAGO ROBINHO', 'TERRAZAS', 'RIVERA', 'M', '809801202012311', '14581851', '2008-02-15', NULL, NULL, NULL, NULL, NULL),
(827, 'CARLA', 'VIZALLA', 'PUMA', 'F', '4090000520136587', '12490435', '2007-09-09', NULL, NULL, NULL, NULL, NULL);

-- --------------------------------------------------------

--
-- Estructura de tabla para la tabla `student_courses`
--

CREATE TABLE `student_courses` (
  `student_id` bigint(20) NOT NULL,
  `course_id` bigint(20) NOT NULL,
  `status` enum('Efectivo - I','No Inscrito','Efectivo - T','Traslado','Retirado') DEFAULT 'No Inscrito'
) ENGINE=InnoDB DEFAULT CHARSET=utf8mb4 COLLATE=utf8mb4_general_ci;

--
-- Volcado de datos para la tabla `student_courses`
--

INSERT INTO `student_courses` (`student_id`, `course_id`, `status`) VALUES
(130, 4, 'Efectivo - I'),
(131, 4, 'No Inscrito'),
(132, 4, 'No Inscrito'),
(133, 4, 'No Inscrito'),
(134, 4, 'No Inscrito'),
(135, 4, 'No Inscrito'),
(136, 4, 'No Inscrito'),
(137, 4, 'No Inscrito'),
(138, 4, 'No Inscrito'),
(139, 4, 'No Inscrito'),
(140, 4, 'No Inscrito'),
(141, 4, 'No Inscrito'),
(142, 4, 'No Inscrito'),
(143, 4, 'No Inscrito'),
(144, 4, 'No Inscrito'),
(145, 4, 'No Inscrito'),
(146, 4, 'No Inscrito'),
(147, 4, 'No Inscrito'),
(148, 4, 'No Inscrito'),
(149, 4, 'No Inscrito'),
(150, 4, 'No Inscrito'),
(151, 4, 'No Inscrito'),
(152, 4, 'No Inscrito'),
(153, 4, 'No Inscrito'),
(154, 4, 'No Inscrito'),
(155, 4, 'No Inscrito'),
(156, 4, 'No Inscrito'),
(157, 4, 'No Inscrito'),
(158, 4, 'No Inscrito'),
(159, 4, 'No Inscrito'),
(160, 4, 'No Inscrito'),
(161, 4, 'No Inscrito'),
(162, 4, 'No Inscrito'),
(163, 7, 'No Inscrito'),
(164, 7, 'No Inscrito'),
(165, 7, 'No Inscrito'),
(166, 7, 'No Inscrito'),
(167, 7, 'No Inscrito'),
(168, 7, 'No Inscrito'),
(169, 7, 'No Inscrito'),
(170, 7, 'No Inscrito'),
(171, 7, 'No Inscrito'),
(172, 7, 'No Inscrito'),
(173, 7, 'No Inscrito'),
(174, 7, 'No Inscrito'),
(175, 7, 'No Inscrito'),
(176, 7, 'No Inscrito'),
(177, 7, 'No Inscrito'),
(178, 7, 'No Inscrito'),
(179, 7, 'No Inscrito'),
(180, 7, 'No Inscrito'),
(181, 7, 'No Inscrito'),
(182, 7, 'No Inscrito'),
(183, 7, 'No Inscrito'),
(184, 7, 'No Inscrito'),
(185, 7, 'No Inscrito'),
(186, 7, 'No Inscrito'),
(187, 8, 'No Inscrito'),
(188, 8, 'No Inscrito'),
(189, 8, 'No Inscrito'),
(190, 8, 'No Inscrito'),
(191, 8, 'No Inscrito'),
(192, 8, 'No Inscrito'),
(193, 8, 'No Inscrito'),
(194, 8, 'No Inscrito'),
(195, 8, 'No Inscrito'),
(196, 8, 'No Inscrito'),
(197, 8, 'No Inscrito'),
(198, 8, 'No Inscrito'),
(199, 8, 'No Inscrito'),
(200, 8, 'No Inscrito'),
(201, 8, 'No Inscrito'),
(202, 8, 'No Inscrito'),
(203, 8, 'No Inscrito'),
(204, 8, 'No Inscrito'),
(205, 8, 'No Inscrito'),
(206, 8, 'No Inscrito'),
(207, 8, 'No Inscrito'),
(208, 8, 'No Inscrito'),
(209, 8, 'No Inscrito'),
(210, 8, 'No Inscrito'),
(211, 8, 'No Inscrito'),
(212, 10, 'No Inscrito'),
(213, 10, 'No Inscrito'),
(214, 10, 'No Inscrito'),
(215, 10, 'No Inscrito'),
(216, 10, 'No Inscrito'),
(217, 10, 'No Inscrito'),
(218, 10, 'No Inscrito'),
(219, 10, 'No Inscrito'),
(220, 10, 'No Inscrito'),
(221, 10, 'No Inscrito'),
(222, 10, 'No Inscrito'),
(223, 10, 'No Inscrito'),
(224, 10, 'No Inscrito'),
(225, 10, 'No Inscrito'),
(226, 10, 'No Inscrito'),
(227, 10, 'No Inscrito'),
(228, 10, 'No Inscrito'),
(229, 10, 'No Inscrito'),
(230, 10, 'No Inscrito'),
(231, 10, 'No Inscrito'),
(232, 10, 'No Inscrito'),
(233, 10, 'No Inscrito'),
(234, 10, 'No Inscrito'),
(235, 10, 'No Inscrito'),
(236, 10, 'No Inscrito'),
(237, 10, 'No Inscrito'),
(238, 10, 'No Inscrito'),
(239, 10, 'No Inscrito'),
(240, 10, 'No Inscrito'),
(241, 11, 'No Inscrito'),
(242, 11, 'No Inscrito'),
(243, 11, 'No Inscrito'),
(244, 11, 'No Inscrito'),
(245, 11, 'No Inscrito'),
(246, 11, 'No Inscrito'),
(247, 11, 'No Inscrito'),
(248, 11, 'No Inscrito'),
(249, 11, 'No Inscrito'),
(250, 11, 'No Inscrito'),
(251, 11, 'No Inscrito'),
(252, 11, 'No Inscrito'),
(253, 11, 'No Inscrito'),
(254, 11, 'No Inscrito'),
(255, 11, 'No Inscrito'),
(256, 11, 'No Inscrito'),
(257, 11, 'No Inscrito'),
(258, 11, 'No Inscrito'),
(259, 11, 'No Inscrito'),
(260, 11, 'No Inscrito'),
(261, 11, 'No Inscrito'),
(262, 11, 'No Inscrito'),
(263, 11, 'No Inscrito'),
(264, 11, 'No Inscrito'),
(265, 11, 'No Inscrito'),
(266, 11, 'No Inscrito'),
(267, 11, 'No Inscrito'),
(268, 13, 'No Inscrito'),
(269, 13, 'No Inscrito'),
(270, 13, 'No Inscrito'),
(271, 13, 'No Inscrito'),
(272, 13, 'No Inscrito'),
(273, 13, 'No Inscrito'),
(274, 13, 'No Inscrito'),
(275, 13, 'No Inscrito'),
(276, 13, 'No Inscrito'),
(277, 13, 'No Inscrito'),
(278, 13, 'No Inscrito'),
(279, 13, 'No Inscrito'),
(280, 13, 'No Inscrito'),
(281, 13, 'No Inscrito'),
(282, 13, 'No Inscrito'),
(283, 13, 'No Inscrito'),
(284, 13, 'No Inscrito'),
(285, 13, 'No Inscrito'),
(286, 13, 'No Inscrito'),
(287, 13, 'No Inscrito'),
(288, 13, 'No Inscrito'),
(289, 13, 'No Inscrito'),
(290, 13, 'No Inscrito'),
(291, 14, 'No Inscrito'),
(292, 14, 'No Inscrito'),
(293, 14, 'No Inscrito'),
(294, 14, 'No Inscrito'),
(295, 14, 'No Inscrito'),
(296, 14, 'No Inscrito'),
(297, 14, 'No Inscrito'),
(298, 14, 'No Inscrito'),
(299, 14, 'No Inscrito'),
(300, 14, 'No Inscrito'),
(301, 14, 'No Inscrito'),
(302, 14, 'No Inscrito'),
(303, 14, 'No Inscrito'),
(304, 14, 'No Inscrito'),
(305, 14, 'No Inscrito'),
(306, 14, 'No Inscrito'),
(307, 14, 'No Inscrito'),
(308, 14, 'No Inscrito'),
(309, 14, 'No Inscrito'),
(310, 14, 'No Inscrito'),
(311, 14, 'No Inscrito'),
(312, 14, 'No Inscrito'),
(313, 14, 'No Inscrito'),
(314, 14, 'No Inscrito'),
(315, 14, 'No Inscrito'),
(316, 14, 'No Inscrito'),
(317, 14, 'No Inscrito'),
(318, 16, 'No Inscrito'),
(319, 16, 'No Inscrito'),
(320, 16, 'No Inscrito'),
(321, 16, 'No Inscrito'),
(322, 16, 'No Inscrito'),
(323, 16, 'No Inscrito'),
(324, 16, 'No Inscrito'),
(325, 16, 'No Inscrito'),
(326, 16, 'No Inscrito'),
(327, 16, 'No Inscrito'),
(328, 16, 'No Inscrito'),
(329, 16, 'No Inscrito'),
(330, 16, 'No Inscrito'),
(331, 16, 'No Inscrito'),
(332, 16, 'No Inscrito'),
(333, 16, 'No Inscrito'),
(334, 16, 'No Inscrito'),
(335, 16, 'No Inscrito'),
(336, 16, 'No Inscrito'),
(337, 16, 'No Inscrito'),
(338, 16, 'No Inscrito'),
(339, 16, 'No Inscrito'),
(340, 16, 'No Inscrito'),
(341, 16, 'No Inscrito'),
(342, 16, 'No Inscrito'),
(343, 16, 'No Inscrito'),
(344, 16, 'No Inscrito'),
(345, 16, 'No Inscrito'),
(346, 16, 'No Inscrito'),
(347, 17, 'No Inscrito'),
(348, 17, 'No Inscrito'),
(349, 17, 'No Inscrito'),
(350, 17, 'No Inscrito'),
(351, 17, 'No Inscrito'),
(352, 17, 'No Inscrito'),
(353, 17, 'No Inscrito'),
(354, 17, 'No Inscrito'),
(355, 17, 'No Inscrito'),
(356, 17, 'No Inscrito'),
(357, 17, 'No Inscrito'),
(358, 17, 'No Inscrito'),
(359, 17, 'No Inscrito'),
(360, 17, 'No Inscrito'),
(361, 17, 'No Inscrito'),
(362, 17, 'No Inscrito'),
(363, 17, 'No Inscrito'),
(364, 17, 'No Inscrito'),
(365, 17, 'No Inscrito'),
(366, 17, 'No Inscrito'),
(367, 17, 'No Inscrito'),
(368, 17, 'No Inscrito'),
(369, 17, 'No Inscrito'),
(370, 17, 'No Inscrito'),
(371, 19, 'No Inscrito'),
(372, 19, 'No Inscrito'),
(373, 19, 'No Inscrito'),
(374, 19, 'No Inscrito'),
(375, 19, 'No Inscrito'),
(376, 19, 'No Inscrito'),
(377, 19, 'No Inscrito'),
(378, 19, 'No Inscrito'),
(379, 19, 'No Inscrito'),
(380, 19, 'No Inscrito'),
(381, 19, 'No Inscrito'),
(382, 19, 'No Inscrito'),
(383, 19, 'No Inscrito'),
(384, 19, 'No Inscrito'),
(385, 19, 'No Inscrito'),
(386, 19, 'No Inscrito'),
(387, 19, 'No Inscrito'),
(388, 19, 'No Inscrito'),
(389, 19, 'No Inscrito'),
(390, 19, 'No Inscrito'),
(391, 19, 'No Inscrito'),
(392, 19, 'No Inscrito'),
(393, 19, 'No Inscrito'),
(394, 19, 'No Inscrito'),
(395, 20, 'No Inscrito'),
(396, 20, 'No Inscrito'),
(397, 20, 'No Inscrito'),
(398, 20, 'No Inscrito'),
(399, 20, 'No Inscrito'),
(400, 20, 'No Inscrito'),
(401, 20, 'No Inscrito'),
(402, 20, 'No Inscrito'),
(403, 20, 'No Inscrito'),
(404, 20, 'No Inscrito'),
(405, 20, 'No Inscrito'),
(406, 20, 'No Inscrito'),
(407, 20, 'No Inscrito'),
(408, 20, 'No Inscrito'),
(409, 20, 'No Inscrito'),
(410, 20, 'No Inscrito'),
(411, 20, 'No Inscrito'),
(412, 20, 'No Inscrito'),
(413, 20, 'No Inscrito'),
(414, 20, 'No Inscrito'),
(415, 20, 'No Inscrito'),
(416, 20, 'No Inscrito'),
(417, 22, 'No Inscrito'),
(418, 22, 'No Inscrito'),
(419, 22, 'No Inscrito'),
(420, 22, 'No Inscrito'),
(421, 22, 'No Inscrito'),
(422, 22, 'No Inscrito'),
(423, 22, 'No Inscrito'),
(424, 22, 'No Inscrito'),
(425, 22, 'No Inscrito'),
(426, 22, 'No Inscrito'),
(427, 22, 'No Inscrito'),
(428, 22, 'No Inscrito'),
(429, 22, 'No Inscrito'),
(430, 22, 'No Inscrito'),
(431, 22, 'No Inscrito'),
(432, 22, 'No Inscrito'),
(433, 22, 'No Inscrito'),
(434, 22, 'No Inscrito'),
(435, 22, 'No Inscrito'),
(436, 22, 'No Inscrito'),
(437, 22, 'No Inscrito'),
(438, 22, 'No Inscrito'),
(439, 22, 'No Inscrito'),
(440, 22, 'No Inscrito'),
(441, 22, 'No Inscrito'),
(442, 22, 'No Inscrito'),
(443, 22, 'No Inscrito'),
(444, 22, 'No Inscrito'),
(445, 22, 'No Inscrito'),
(446, 22, 'No Inscrito'),
(447, 22, 'No Inscrito'),
(448, 22, 'No Inscrito'),
(449, 22, 'No Inscrito'),
(450, 22, 'No Inscrito'),
(451, 23, 'No Inscrito'),
(452, 23, 'No Inscrito'),
(453, 23, 'No Inscrito'),
(454, 23, 'No Inscrito'),
(455, 23, 'No Inscrito'),
(456, 23, 'No Inscrito'),
(457, 23, 'No Inscrito'),
(458, 23, 'No Inscrito'),
(459, 23, 'No Inscrito'),
(460, 23, 'No Inscrito'),
(461, 23, 'No Inscrito'),
(462, 23, 'No Inscrito'),
(463, 23, 'No Inscrito'),
(464, 23, 'No Inscrito'),
(465, 23, 'No Inscrito'),
(466, 23, 'No Inscrito'),
(467, 23, 'No Inscrito'),
(468, 23, 'No Inscrito'),
(469, 23, 'No Inscrito'),
(470, 23, 'No Inscrito'),
(471, 23, 'No Inscrito'),
(472, 23, 'No Inscrito'),
(473, 23, 'No Inscrito'),
(474, 23, 'No Inscrito'),
(475, 23, 'No Inscrito'),
(476, 23, 'No Inscrito'),
(477, 23, 'No Inscrito'),
(478, 23, 'No Inscrito'),
(479, 23, 'No Inscrito'),
(480, 23, 'No Inscrito'),
(481, 23, 'No Inscrito'),
(482, 23, 'No Inscrito'),
(483, 23, 'No Inscrito'),
(484, 23, 'No Inscrito'),
(485, 25, 'No Inscrito'),
(486, 25, 'No Inscrito'),
(487, 25, 'No Inscrito'),
(488, 25, 'No Inscrito'),
(489, 25, 'No Inscrito'),
(490, 25, 'No Inscrito'),
(491, 25, 'No Inscrito'),
(492, 25, 'No Inscrito'),
(493, 25, 'No Inscrito'),
(494, 25, 'No Inscrito'),
(495, 25, 'No Inscrito'),
(496, 25, 'No Inscrito'),
(497, 25, 'No Inscrito'),
(498, 25, 'No Inscrito'),
(499, 25, 'No Inscrito'),
(500, 25, 'No Inscrito'),
(501, 25, 'No Inscrito'),
(502, 25, 'No Inscrito'),
(503, 25, 'No Inscrito'),
(504, 25, 'No Inscrito'),
(505, 25, 'No Inscrito'),
(506, 25, 'No Inscrito'),
(507, 25, 'No Inscrito'),
(508, 25, 'No Inscrito'),
(509, 25, 'No Inscrito'),
(510, 25, 'No Inscrito'),
(511, 25, 'No Inscrito'),
(512, 25, 'No Inscrito'),
(513, 25, 'No Inscrito'),
(514, 25, 'No Inscrito'),
(515, 25, 'No Inscrito'),
(516, 25, 'No Inscrito'),
(517, 25, 'No Inscrito'),
(518, 25, 'No Inscrito'),
(519, 25, 'No Inscrito'),
(520, 25, 'No Inscrito'),
(521, 25, 'No Inscrito'),
(522, 25, 'No Inscrito'),
(523, 25, 'No Inscrito'),
(524, 25, 'No Inscrito'),
(525, 25, 'No Inscrito'),
(526, 26, 'No Inscrito'),
(527, 26, 'No Inscrito'),
(528, 26, 'No Inscrito'),
(529, 26, 'No Inscrito'),
(530, 26, 'No Inscrito'),
(531, 26, 'No Inscrito'),
(532, 26, 'No Inscrito'),
(533, 26, 'No Inscrito'),
(534, 26, 'No Inscrito'),
(535, 26, 'No Inscrito'),
(536, 26, 'No Inscrito'),
(537, 26, 'No Inscrito'),
(538, 26, 'No Inscrito'),
(539, 26, 'No Inscrito'),
(540, 26, 'No Inscrito'),
(541, 26, 'No Inscrito'),
(542, 26, 'No Inscrito'),
(543, 26, 'No Inscrito'),
(544, 26, 'No Inscrito'),
(545, 26, 'No Inscrito'),
(546, 26, 'No Inscrito'),
(547, 26, 'No Inscrito'),
(548, 26, 'No Inscrito'),
(549, 26, 'No Inscrito'),
(550, 26, 'No Inscrito'),
(551, 26, 'No Inscrito'),
(552, 26, 'No Inscrito'),
(553, 26, 'No Inscrito'),
(554, 26, 'No Inscrito'),
(555, 26, 'No Inscrito'),
(556, 26, 'No Inscrito'),
(557, 26, 'No Inscrito'),
(558, 26, 'No Inscrito'),
(559, 26, 'No Inscrito'),
(560, 26, 'No Inscrito'),
(561, 26, 'No Inscrito'),
(562, 28, 'No Inscrito'),
(563, 28, 'No Inscrito'),
(564, 28, 'No Inscrito'),
(565, 28, 'No Inscrito'),
(566, 28, 'No Inscrito'),
(567, 28, 'No Inscrito'),
(568, 28, 'No Inscrito'),
(569, 28, 'No Inscrito'),
(570, 28, 'No Inscrito'),
(571, 28, 'No Inscrito'),
(572, 28, 'No Inscrito'),
(573, 28, 'No Inscrito'),
(574, 28, 'No Inscrito'),
(575, 28, 'No Inscrito'),
(576, 28, 'No Inscrito'),
(577, 28, 'No Inscrito'),
(578, 28, 'No Inscrito'),
(579, 28, 'No Inscrito'),
(580, 28, 'No Inscrito'),
(581, 28, 'No Inscrito'),
(582, 28, 'No Inscrito'),
(583, 28, 'No Inscrito'),
(584, 28, 'No Inscrito'),
(585, 28, 'No Inscrito'),
(586, 28, 'No Inscrito'),
(587, 28, 'No Inscrito'),
(588, 28, 'No Inscrito'),
(589, 28, 'No Inscrito'),
(590, 29, 'No Inscrito'),
(591, 29, 'No Inscrito'),
(592, 29, 'No Inscrito'),
(593, 29, 'No Inscrito'),
(594, 29, 'No Inscrito'),
(595, 29, 'No Inscrito'),
(596, 29, 'No Inscrito'),
(597, 29, 'No Inscrito'),
(598, 29, 'No Inscrito'),
(599, 29, 'No Inscrito'),
(600, 29, 'No Inscrito'),
(601, 29, 'No Inscrito'),
(602, 29, 'No Inscrito'),
(603, 29, 'No Inscrito'),
(604, 29, 'No Inscrito'),
(605, 29, 'No Inscrito'),
(606, 29, 'No Inscrito'),
(607, 29, 'No Inscrito'),
(608, 29, 'No Inscrito'),
(609, 29, 'No Inscrito'),
(610, 29, 'No Inscrito'),
(611, 29, 'No Inscrito'),
(612, 29, 'No Inscrito'),
(613, 29, 'No Inscrito'),
(614, 29, 'No Inscrito'),
(615, 29, 'No Inscrito'),
(616, 29, 'No Inscrito'),
(617, 29, 'No Inscrito'),
(618, 29, 'No Inscrito'),
(619, 29, 'No Inscrito'),
(620, 29, 'No Inscrito'),
(621, 29, 'No Inscrito'),
(622, 29, 'No Inscrito'),
(622, 32, 'No Inscrito'),
(623, 31, 'No Inscrito'),
(624, 31, 'No Inscrito'),
(625, 31, 'No Inscrito'),
(626, 31, 'No Inscrito'),
(627, 31, 'No Inscrito'),
(628, 31, 'No Inscrito'),
(629, 31, 'No Inscrito'),
(630, 31, 'No Inscrito'),
(631, 31, 'No Inscrito'),
(632, 31, 'No Inscrito'),
(633, 31, 'No Inscrito'),
(634, 31, 'No Inscrito'),
(635, 31, 'No Inscrito'),
(636, 31, 'No Inscrito'),
(637, 31, 'No Inscrito'),
(638, 31, 'No Inscrito'),
(639, 31, 'No Inscrito'),
(640, 31, 'No Inscrito'),
(641, 31, 'No Inscrito'),
(642, 31, 'No Inscrito'),
(643, 31, 'No Inscrito'),
(644, 31, 'No Inscrito'),
(645, 31, 'No Inscrito'),
(646, 32, 'No Inscrito'),
(647, 32, 'No Inscrito'),
(648, 32, 'No Inscrito'),
(649, 32, 'No Inscrito'),
(650, 32, 'No Inscrito'),
(651, 32, 'No Inscrito'),
(652, 32, 'No Inscrito'),
(653, 32, 'No Inscrito'),
(654, 32, 'No Inscrito'),
(655, 32, 'No Inscrito'),
(656, 32, 'No Inscrito'),
(657, 32, 'No Inscrito'),
(658, 32, 'No Inscrito'),
(659, 32, 'No Inscrito'),
(660, 32, 'No Inscrito'),
(661, 32, 'No Inscrito'),
(662, 32, 'No Inscrito'),
(663, 32, 'No Inscrito'),
(664, 32, 'No Inscrito'),
(665, 32, 'No Inscrito'),
(666, 32, 'No Inscrito'),
(667, 32, 'No Inscrito'),
(668, 32, 'No Inscrito'),
(669, 32, 'No Inscrito'),
(670, 32, 'No Inscrito'),
(671, 32, 'No Inscrito'),
(672, 32, 'No Inscrito'),
(673, 32, 'No Inscrito'),
(674, 34, 'No Inscrito'),
(675, 34, 'No Inscrito'),
(676, 34, 'No Inscrito'),
(677, 34, 'No Inscrito'),
(678, 34, 'No Inscrito'),
(679, 34, 'No Inscrito'),
(680, 34, 'No Inscrito'),
(681, 34, 'No Inscrito'),
(682, 34, 'No Inscrito'),
(683, 34, 'No Inscrito'),
(684, 34, 'No Inscrito'),
(685, 34, 'No Inscrito'),
(686, 34, 'No Inscrito'),
(687, 34, 'No Inscrito'),
(688, 34, 'No Inscrito'),
(689, 34, 'No Inscrito'),
(690, 34, 'No Inscrito'),
(691, 34, 'No Inscrito'),
(692, 34, 'No Inscrito'),
(693, 34, 'No Inscrito'),
(694, 34, 'No Inscrito'),
(695, 34, 'No Inscrito'),
(696, 34, 'No Inscrito'),
(697, 34, 'No Inscrito'),
(698, 34, 'No Inscrito'),
(699, 34, 'No Inscrito'),
(700, 34, 'No Inscrito'),
(701, 34, 'No Inscrito'),
(702, 34, 'No Inscrito'),
(703, 34, 'No Inscrito'),
(704, 34, 'No Inscrito'),
(705, 35, 'No Inscrito'),
(706, 35, 'No Inscrito'),
(707, 35, 'No Inscrito'),
(708, 35, 'No Inscrito'),
(709, 35, 'No Inscrito'),
(710, 35, 'No Inscrito'),
(711, 35, 'No Inscrito'),
(712, 35, 'No Inscrito'),
(713, 35, 'No Inscrito'),
(714, 35, 'No Inscrito'),
(715, 35, 'No Inscrito'),
(716, 35, 'No Inscrito'),
(717, 35, 'No Inscrito'),
(718, 35, 'No Inscrito'),
(719, 35, 'No Inscrito'),
(720, 35, 'No Inscrito'),
(721, 35, 'No Inscrito'),
(722, 35, 'No Inscrito'),
(723, 35, 'No Inscrito'),
(724, 35, 'No Inscrito'),
(725, 37, 'No Inscrito'),
(726, 37, 'No Inscrito'),
(727, 37, 'No Inscrito'),
(728, 37, 'No Inscrito'),
(729, 37, 'No Inscrito'),
(730, 37, 'No Inscrito'),
(731, 37, 'No Inscrito'),
(732, 37, 'No Inscrito'),
(733, 37, 'No Inscrito'),
(734, 37, 'No Inscrito'),
(735, 37, 'No Inscrito'),
(736, 37, 'No Inscrito'),
(737, 37, 'No Inscrito'),
(738, 37, 'No Inscrito'),
(739, 37, 'No Inscrito'),
(740, 37, 'No Inscrito'),
(741, 37, 'No Inscrito'),
(742, 37, 'No Inscrito'),
(743, 37, 'No Inscrito'),
(744, 37, 'No Inscrito'),
(745, 37, 'No Inscrito'),
(746, 37, 'No Inscrito'),
(747, 37, 'No Inscrito'),
(748, 37, 'No Inscrito'),
(749, 37, 'No Inscrito'),
(750, 37, 'No Inscrito'),
(751, 37, 'No Inscrito'),
(752, 37, 'No Inscrito'),
(753, 38, 'No Inscrito'),
(754, 38, 'No Inscrito'),
(755, 38, 'No Inscrito'),
(756, 38, 'No Inscrito'),
(757, 38, 'No Inscrito'),
(758, 38, 'No Inscrito'),
(759, 38, 'No Inscrito'),
(760, 38, 'No Inscrito'),
(761, 38, 'No Inscrito'),
(762, 38, 'No Inscrito'),
(763, 38, 'No Inscrito'),
(764, 38, 'No Inscrito'),
(765, 38, 'No Inscrito'),
(766, 38, 'No Inscrito'),
(767, 38, 'No Inscrito'),
(768, 38, 'No Inscrito'),
(769, 38, 'No Inscrito'),
(770, 38, 'No Inscrito'),
(771, 38, 'No Inscrito'),
(772, 38, 'No Inscrito'),
(773, 38, 'No Inscrito'),
(774, 38, 'No Inscrito'),
(775, 38, 'No Inscrito'),
(776, 38, 'No Inscrito'),
(777, 38, 'No Inscrito'),
(778, 38, 'No Inscrito'),
(779, 38, 'No Inscrito'),
(780, 38, 'No Inscrito'),
(781, 38, 'No Inscrito'),
(782, 40, 'No Inscrito'),
(783, 40, 'No Inscrito'),
(784, 40, 'No Inscrito'),
(785, 40, 'No Inscrito'),
(786, 40, 'No Inscrito'),
(787, 40, 'No Inscrito'),
(788, 40, 'No Inscrito'),
(789, 40, 'No Inscrito'),
(790, 40, 'No Inscrito'),
(791, 40, 'No Inscrito'),
(792, 40, 'No Inscrito'),
(793, 40, 'No Inscrito'),
(794, 40, 'No Inscrito'),
(795, 40, 'No Inscrito'),
(796, 40, 'No Inscrito'),
(797, 40, 'No Inscrito'),
(798, 40, 'No Inscrito'),
(799, 40, 'No Inscrito'),
(800, 40, 'No Inscrito'),
(801, 40, 'No Inscrito'),
(802, 40, 'No Inscrito'),
(803, 40, 'No Inscrito'),
(804, 41, 'No Inscrito'),
(805, 41, 'No Inscrito'),
(806, 41, 'No Inscrito'),
(807, 41, 'No Inscrito'),
(808, 41, 'No Inscrito'),
(809, 41, 'No Inscrito'),
(810, 41, 'No Inscrito'),
(811, 41, 'No Inscrito'),
(812, 41, 'No Inscrito'),
(813, 41, 'No Inscrito'),
(814, 41, 'No Inscrito'),
(815, 41, 'No Inscrito'),
(816, 41, 'No Inscrito'),
(817, 41, 'No Inscrito'),
(818, 41, 'No Inscrito'),
(819, 41, 'No Inscrito'),
(820, 41, 'No Inscrito'),
(821, 41, 'No Inscrito'),
(822, 41, 'No Inscrito'),
(823, 41, 'No Inscrito'),
(824, 41, 'No Inscrito'),
(825, 41, 'No Inscrito'),
(826, 41, 'No Inscrito'),
(827, 41, 'No Inscrito');

--
-- Índices para tablas volcadas
--

--
-- Indices de la tabla `courses`
--
ALTER TABLE `courses`
  ADD PRIMARY KEY (`id`),
  ADD KEY `level_id` (`level_id`);

--
-- Indices de la tabla `levels`
--
ALTER TABLE `levels`
  ADD PRIMARY KEY (`id`);

--
-- Indices de la tabla `students`
--
ALTER TABLE `students`
  ADD PRIMARY KEY (`id`);

--
-- Indices de la tabla `student_courses`
--
ALTER TABLE `student_courses`
  ADD PRIMARY KEY (`student_id`,`course_id`),
  ADD KEY `course_id` (`course_id`);

--
-- AUTO_INCREMENT de las tablas volcadas
--

--
-- AUTO_INCREMENT de la tabla `courses`
--
ALTER TABLE `courses`
  MODIFY `id` bigint(20) NOT NULL AUTO_INCREMENT, AUTO_INCREMENT=43;

--
-- AUTO_INCREMENT de la tabla `levels`
--
ALTER TABLE `levels`
  MODIFY `id` bigint(20) NOT NULL AUTO_INCREMENT, AUTO_INCREMENT=4;

--
-- AUTO_INCREMENT de la tabla `students`
--
ALTER TABLE `students`
  MODIFY `id` bigint(20) NOT NULL AUTO_INCREMENT, AUTO_INCREMENT=828;

--
-- Restricciones para tablas volcadas
--

--
-- Filtros para la tabla `courses`
--
ALTER TABLE `courses`
  ADD CONSTRAINT `courses_ibfk_1` FOREIGN KEY (`level_id`) REFERENCES `levels` (`id`);

--
-- Filtros para la tabla `student_courses`
--
ALTER TABLE `student_courses`
  ADD CONSTRAINT `student_courses_ibfk_1` FOREIGN KEY (`student_id`) REFERENCES `students` (`id`),
  ADD CONSTRAINT `student_courses_ibfk_2` FOREIGN KEY (`course_id`) REFERENCES `courses` (`id`);
COMMIT;

/*!40101 SET CHARACTER_SET_CLIENT=@OLD_CHARACTER_SET_CLIENT */;
/*!40101 SET CHARACTER_SET_RESULTS=@OLD_CHARACTER_SET_RESULTS */;
/*!40101 SET COLLATION_CONNECTION=@OLD_COLLATION_CONNECTION */;
